##### 과정 테이블 #####
INSERT INTO course_tb (course_id, course_name) VALUES ('CS0001','웹기반 빅데이터 분석 응용SW개발자');
INSERT INTO course_tb (course_id, course_name) VALUES ('CS0002','Python / Java 응용 SW실무 개발자 양성 과정');
INSERT INTO course_tb (course_id, course_name) VALUES ('CS0003','시큐어 코딩 / 웹 애플리케이션 응용SW개발자');
INSERT INTO course_tb (course_id, course_name) VALUES ('CS0004','클라우드 컴퓨팅 기반의 빅데이터전문가(Java개발)');
INSERT INTO course_tb (course_id, course_name) VALUES ('CS0005','빅데이터시각화 웹어플리케이션개발자(Java개발)');
INSERT INTO course_tb (course_id, course_name) VALUES ('CS0006','JAVA Programming 향상 과정');
INSERT INTO course_tb (course_id, course_name) VALUES ('CS0007','Linux+ 데이터베이스 향상과정');
INSERT INTO course_tb (course_id, course_name) VALUES ('CS0008','HTML5/Jquery 향상과정');
INSERT INTO course_tb (course_id, course_name) VALUES ('CS0009','Spring4.0 향상 과정');
INSERT INTO course_tb (course_id, course_name) VALUES ('CS0010','C/C++와 JAVA프로그래밍 응용과정');
INSERT INTO course_tb (course_id, course_name) VALUES ('CS0011','스마트그리드기반 IoT 융합 SW전문가 과정');
INSERT INTO course_tb (course_id, course_name) VALUES ('CS0012','오라클OCP자격증취득과정');
INSERT INTO course_tb (course_id, course_name) VALUES ('CS0013','R기반 빅데이터 분석 실무자 양성과정');
INSERT INTO course_tb (course_id, course_name) VALUES ('CS0014','Javascript기반 Front-End 전문가양성과정');
INSERT INTO course_tb (course_id, course_name) VALUES ('CS0015','프로그래밍 전문가 되기(파이썬)');


##### 과목 테이블 #####
INSERT INTO subject_tb (subject_id, subject_name) VALUES ('SUB001','Java SE');
INSERT INTO subject_tb (subject_id, subject_name) VALUES ('SUB002','Oracle');
INSERT INTO subject_tb (subject_id, subject_name) VALUES ('SUB003','JDBC');
INSERT INTO subject_tb (subject_id, subject_name) VALUES ('SUB004','MySQL');
INSERT INTO subject_tb (subject_id, subject_name) VALUES ('SUB005','HTML');
INSERT INTO subject_tb (subject_id, subject_name) VALUES ('SUB006','CSS');
INSERT INTO subject_tb (subject_id, subject_name) VALUES ('SUB007','Bootstrap');
INSERT INTO subject_tb (subject_id, subject_name) VALUES ('SUB008','Javascript');
INSERT INTO subject_tb (subject_id, subject_name) VALUES ('SUB009','jQuery');
INSERT INTO subject_tb (subject_id, subject_name) VALUES ('SUB010','JSP');
INSERT INTO subject_tb (subject_id, subject_name) VALUES ('SUB011','XML');
INSERT INTO subject_tb (subject_id, subject_name) VALUES ('SUB012','Ajax');
INSERT INTO subject_tb (subject_id, subject_name) VALUES ('SUB013','JSON');
INSERT INTO subject_tb (subject_id, subject_name) VALUES ('SUB014','Open API');
INSERT INTO subject_tb (subject_id, subject_name) VALUES ('SUB015','Servlet MVC');
INSERT INTO subject_tb (subject_id, subject_name) VALUES ('SUB016','JSTL');
INSERT INTO subject_tb (subject_id, subject_name) VALUES ('SUB017','EL');
INSERT INTO subject_tb (subject_id, subject_name) VALUES ('SUB018','Spring Framework');
INSERT INTO subject_tb (subject_id, subject_name) VALUES ('SUB019','DI');
INSERT INTO subject_tb (subject_id, subject_name) VALUES ('SUB020','AOP');
INSERT INTO subject_tb (subject_id, subject_name) VALUES ('SUB021','IoC');
INSERT INTO subject_tb (subject_id, subject_name) VALUES ('SUB022','Spring MVC');
INSERT INTO subject_tb (subject_id, subject_name) VALUES ('SUB023','Spring JDBC');
INSERT INTO subject_tb (subject_id, subject_name) VALUES ('SUB024','MyBatis');
INSERT INTO subject_tb (subject_id, subject_name) VALUES ('SUB025','Python');
INSERT INTO subject_tb (subject_id, subject_name) VALUES ('SUB026','C++');
INSERT INTO subject_tb (subject_id, subject_name) VALUES ('SUB027','Simulation');
INSERT INTO subject_tb (subject_id, subject_name) VALUES ('SUB028','R Programing');
INSERT INTO subject_tb (subject_id, subject_name) VALUES ('SUB029','PHP');
INSERT INTO subject_tb (subject_id, subject_name) VALUES ('SUB030','RUBY');


##### 강의실 테이블 #####
INSERT INTO classroom_tb (classroom_id, classroom_name, max_number) VALUES ('CR01','1강의실','30');
INSERT INTO classroom_tb (classroom_id, classroom_name, max_number) VALUES ('CR02','2강의실','30');
INSERT INTO classroom_tb (classroom_id, classroom_name, max_number) VALUES ('CR03','3강의실','20');
INSERT INTO classroom_tb (classroom_id, classroom_name, max_number) VALUES ('CR04','4강의실','20');
INSERT INTO classroom_tb (classroom_id, classroom_name, max_number) VALUES ('CR05','5강의실','30');


##### 교재 테이블 #####
INSERT INTO subjectbook_tb (subjectbook_id, subjectbook_name, subjectbook_isbn) VALUES ('SB0001','이것이 자바다','9788968481475');
INSERT INTO subjectbook_tb (subjectbook_id, subjectbook_name, subjectbook_isbn) VALUES ('SB0002','오라클SQL을 다루는 기술','9788966189984');
INSERT INTO subjectbook_tb (subjectbook_id, subjectbook_name, subjectbook_isbn) VALUES ('SB0003','Java의 정석','9788995379493');
INSERT INTO subjectbook_tb (subjectbook_id, subjectbook_name, subjectbook_isbn) VALUES ('SB0004','명품 JAVA programming','9788970507644');
INSERT INTO subjectbook_tb (subjectbook_id, subjectbook_name, subjectbook_isbn) VALUES ('SB0005','초보자를 위한 ORACLE','9788980782116');
INSERT INTO subjectbook_tb (subjectbook_id, subjectbook_name, subjectbook_isbn) VALUES ('SB0006','이것이 오라클이다','9791162240489');
INSERT INTO subjectbook_tb (subjectbook_id, subjectbook_name, subjectbook_isbn) VALUES ('SB0007','이것이 MySQL이다','9788968482793');
INSERT INTO subjectbook_tb (subjectbook_id, subjectbook_name, subjectbook_isbn) VALUES ('SB0008','HTML5 웹 프로그래밍 입문','9788998756277');
INSERT INTO subjectbook_tb (subjectbook_id, subjectbook_name, subjectbook_isbn) VALUES ('SB0009','모두의 HTML5 / CSS3','9791160505658');
INSERT INTO subjectbook_tb (subjectbook_id, subjectbook_name, subjectbook_isbn) VALUES ('SB0010','자바스크립트+jQuery 완전정복','9791158390129');
INSERT INTO subjectbook_tb (subjectbook_id, subjectbook_name, subjectbook_isbn) VALUES ('SB0011','자바스크립트+jQuery','9788996852186');
INSERT INTO subjectbook_tb (subjectbook_id, subjectbook_name, subjectbook_isbn) VALUES ('SB0012','XML 프로그래밍','9791156641810');
INSERT INTO subjectbook_tb (subjectbook_id, subjectbook_name, subjectbook_isbn) VALUES ('SB0013','JAVA 개발자를 위한 XML','8989345820');
INSERT INTO subjectbook_tb (subjectbook_id, subjectbook_name, subjectbook_isbn) VALUES ('SB0014','Ajax와 jQuery 프로그래밍','9788980782871');
INSERT INTO subjectbook_tb (subjectbook_id, subjectbook_name, subjectbook_isbn) VALUES ('SB0015','스프링 5.0 마스터','9791161751825');
INSERT INTO subjectbook_tb (subjectbook_id, subjectbook_name, subjectbook_isbn) VALUES ('SB0016','Spring 4.0 프로그래밍','9788980782710');
INSERT INTO subjectbook_tb (subjectbook_id, subjectbook_name, subjectbook_isbn) VALUES ('SB0017','스타트 파이썬','9791196440909');
INSERT INTO subjectbook_tb (subjectbook_id, subjectbook_name, subjectbook_isbn) VALUES ('SB0018','스프링 부트로 배우는 자바 웹 개발','9791188621279');
INSERT INTO subjectbook_tb (subjectbook_id, subjectbook_name, subjectbook_isbn) VALUES ('SB0019','은노기의 JSP 웹 프로그래밍 입문','9788958972785');
INSERT INTO subjectbook_tb (subjectbook_id, subjectbook_name, subjectbook_isbn) VALUES ('SB0020','Ajax 인 프랙티스 ','8995856491');
INSERT INTO subjectbook_tb (subjectbook_id, subjectbook_name, subjectbook_isbn) VALUES ('SB0021','자바스크립느 JSON 쿡북','9788960779693');
INSERT INTO subjectbook_tb (subjectbook_id, subjectbook_name, subjectbook_isbn) VALUES ('SB0022','Ajax+Javascript 핵심노트','9788931438260');
INSERT INTO subjectbook_tb (subjectbook_id, subjectbook_name, subjectbook_isbn) VALUES ('SB0023','Spring 프레임워크 워크북 ','8979143893');
INSERT INTO subjectbook_tb (subjectbook_id, subjectbook_name, subjectbook_isbn) VALUES ('SB0024','Spring in Action 스프링 인 액션','9788990758163');
INSERT INTO subjectbook_tb (subjectbook_id, subjectbook_name, subjectbook_isbn) VALUES ('SB0025','Spring 4.0 프로그래밍 ','9788980782710');
INSERT INTO subjectbook_tb (subjectbook_id, subjectbook_name, subjectbook_isbn) VALUES ('SB0026','파이썬 웹 프로그래밍 ','9788998139414');
INSERT INTO subjectbook_tb (subjectbook_id, subjectbook_name, subjectbook_isbn) VALUES ('SB0027','씽크 파이썬 ','9791160502862');
INSERT INTO subjectbook_tb (subjectbook_id, subjectbook_name, subjectbook_isbn) VALUES ('SB0028','JDBC API를 이용한 데이터베이스 프로그래밍','9788926840122');
INSERT INTO subjectbook_tb (subjectbook_id, subjectbook_name, subjectbook_isbn) VALUES ('SB0029','마이바티스 프로그래밍 ','9788960774216');
INSERT INTO subjectbook_tb (subjectbook_id, subjectbook_name, subjectbook_isbn) VALUES ('SB0030','자바 5.0 프로그래밍 - 차근차근 배우는 자바 A to Z ','9788998756956');


##### 수강생 테이블 ######
INSERT INTO student_tb (student_id, student_name, student_phone, student_regdate, student_pw) VALUES ('ST00001','홍길동','010-2356-4528','2017-12-20','4528');
INSERT INTO student_tb (student_id, student_name, student_phone, student_regdate, student_pw) VALUES ('ST00002','이순신','010-4758-6532','2017-12-26','6532');
INSERT INTO student_tb (student_id, student_name, student_phone, student_regdate, student_pw) VALUES ('ST00003','이순애','010-4231-1236','2018-01-15','1236');
INSERT INTO student_tb (student_id, student_name, student_phone, student_regdate, student_pw) VALUES ('ST00004','김정훈','010-5236-4221','2018-01-20','4221');
INSERT INTO student_tb (student_id, student_name, student_phone, student_regdate, student_pw) VALUES ('ST00005','한석봉','010-5211-3542','2018-02-12','3542');
INSERT INTO student_tb (student_id, student_name, student_phone, student_regdate, student_pw) VALUES ('ST00006','이기자','010-3214-5357','2018-02-20','5357');
INSERT INTO student_tb (student_id, student_name, student_phone, student_regdate, student_pw) VALUES ('ST00007','장인철','010-2345-2525','2018-03-05','2525');
INSERT INTO student_tb (student_id, student_name, student_phone, student_regdate, student_pw) VALUES ('ST00008','김영년','010-2222-4444','2018-03-25','4444');
INSERT INTO student_tb (student_id, student_name, student_phone, student_regdate, student_pw) VALUES ('ST00009','나윤균','010-1111-2222','2018-04-28','2222');
INSERT INTO student_tb (student_id, student_name, student_phone, student_regdate, student_pw) VALUES ('ST00010','김종서','010-3214-5555','2018-05-25','5555');
INSERT INTO student_tb (student_id, student_name, student_phone, student_regdate, student_pw) VALUES ('ST00011','유관순','010-8888-4422','2018-06-01','4422');
INSERT INTO student_tb (student_id, student_name, student_phone, student_regdate, student_pw) VALUES ('ST00012','정한국','010-2222-4242','2018-06-25','4242');
INSERT INTO student_tb (student_id, student_name, student_phone, student_regdate, student_pw) VALUES ('ST00013','조미숙','010-6666-4444','2018-07-05','4444');
INSERT INTO student_tb (student_id, student_name, student_phone, student_regdate, student_pw) VALUES ('ST00014','황진이','010-3214-5467','2018-07-20','5467');
INSERT INTO student_tb (student_id, student_name, student_phone, student_regdate, student_pw) VALUES ('ST00015','이현숙','010-2548-3365','2018-08-02','3365');
INSERT INTO student_tb (student_id, student_name, student_phone, student_regdate, student_pw) VALUES ('ST00016','이상헌','010-4526-1234','2018-08-20','1234');
INSERT INTO student_tb (student_id, student_name, student_phone, student_regdate, student_pw) VALUES ('ST00017','엄용수','010-3254-2542','2018-08-25','2542');
INSERT INTO student_tb (student_id, student_name, student_phone, student_regdate, student_pw) VALUES ('ST00018','이성길','010-1333-3333','2018-09-02','3333');
INSERT INTO student_tb (student_id, student_name, student_phone, student_regdate, student_pw) VALUES ('ST00019','박문수','010-4747-4848','2018-09-05','4848');
INSERT INTO student_tb (student_id, student_name, student_phone, student_regdate, student_pw) VALUES ('ST00020','유영희','010-9595-8585','2018-09-15','8585');
INSERT INTO student_tb (student_id, student_name, student_phone, student_regdate, student_pw) VALUES ('ST00021','홍길남','010-9999-7575','2018-10-01','7575');
INSERT INTO student_tb (student_id, student_name, student_phone, student_regdate, student_pw) VALUES ('ST00022','이영숙','010-5214-5282','2018-10-20','5282');
INSERT INTO student_tb (student_id, student_name, student_phone, student_regdate, student_pw) VALUES ('ST00023','김인수','010-5574-7517','2018-10-25','7517');
INSERT INTO student_tb (student_id, student_name, student_phone, student_regdate, student_pw) VALUES ('ST00024','김말자','010-5248-7789','2018-11-10','7789');
INSERT INTO student_tb (student_id, student_name, student_phone, student_regdate, student_pw) VALUES ('ST00025','우재옥','010-4563-2587','2018-11-20','2587');
INSERT INTO student_tb (student_id, student_name, student_phone, student_regdate, student_pw) VALUES ('ST00026','김숙남','010-2112-5225','2018-11-25','5225');
INSERT INTO student_tb (student_id, student_name, student_phone, student_regdate, student_pw) VALUES ('ST00027','김영길','010-8523-1478','2018-11-26','1478');
INSERT INTO student_tb (student_id, student_name, student_phone, student_regdate, student_pw) VALUES ('ST00028','김말숙','010-3535-3636','2018-12-01','3636');
INSERT INTO student_tb (student_id, student_name, student_phone, student_regdate, student_pw) VALUES ('ST00029','정정해','010-6564-6752','2018-12-02','6752');
INSERT INTO student_tb (student_id, student_name, student_phone, student_regdate, student_pw) VALUES ('ST00030','전용재','010-7549-8654','2018-12-03','8654');
INSERT INTO student_tb (student_id, student_name, student_phone, student_regdate, student_pw) VALUES ('ST00031','조인성','010-1234-1234','2018-01-02','1234');
INSERT INTO student_tb (student_id, student_name, student_phone, student_regdate, student_pw) VALUES ('ST00032','김탈락','010-5285-3994','2018-03-05','6526');
INSERT INTO student_tb (student_id, student_name, student_phone, student_regdate, student_pw) VALUES ('ST00033','백태준','010-7467-2111','2018-03-25','8452');
INSERT INTO student_tb (student_id, student_name, student_phone, student_regdate, student_pw) VALUES ('ST00034','편규범','010-6339-7148','2017-04-28','4851');
INSERT INTO student_tb (student_id, student_name, student_phone, student_regdate, student_pw) VALUES ('ST00035','현태준','010-4912-4701','2017-05-02','8452');
INSERT INTO student_tb (student_id, student_name, student_phone, student_regdate, student_pw) VALUES ('ST00036','조연동','010-5443-5830','2017-05-21','6563');
INSERT INTO student_tb (student_id, student_name, student_phone, student_regdate, student_pw) VALUES ('ST00037','석태윤','010-1932-1332','2017-06-15','1518');
INSERT INTO student_tb (student_id, student_name, student_phone, student_regdate, student_pw) VALUES ('ST00038','황보영','010-2438-8474','2018-07-05','4855');
INSERT INTO student_tb (student_id, student_name, student_phone, student_regdate, student_pw) VALUES ('ST00039','옥재윤','010-4630-7751','2018-07-20','6546');
INSERT INTO student_tb (student_id, student_name, student_phone, student_regdate, student_pw) VALUES ('ST00040','곽윤지','010-9374-5864','2018-08-02','5611');
INSERT INTO student_tb (student_id, student_name, student_phone, student_regdate, student_pw) VALUES ('ST00041','서인태','010-9705-7507','2018-08-20','5216');
INSERT INTO student_tb (student_id, student_name, student_phone, student_regdate, student_pw) VALUES ('ST00042','어윤열','010-9199-9770','2017-08-25','1561');
INSERT INTO student_tb (student_id, student_name, student_phone, student_regdate, student_pw) VALUES ('ST00043','구주한','010-5748-8896','2018-09-02','5169');
INSERT INTO student_tb (student_id, student_name, student_phone, student_regdate, student_pw) VALUES ('ST00044','함정현','010-4314-4595','2018-07-20','8944');
INSERT INTO student_tb (student_id, student_name, student_phone, student_regdate, student_pw) VALUES ('ST00045','표정원','010-1669-6751','2018-08-02','4858');
INSERT INTO student_tb (student_id, student_name, student_phone, student_regdate, student_pw) VALUES ('ST00046','손지환','010-7558-8648','2018-08-20','8795');
INSERT INTO student_tb (student_id, student_name, student_phone, student_regdate, student_pw) VALUES ('ST00047','선예은','010-9227-6911','2018-08-25','5215');
INSERT INTO student_tb (student_id, student_name, student_phone, student_regdate, student_pw) VALUES ('ST00048','옥소현','010-1573-5417','2018-09-02','2135');
INSERT INTO student_tb (student_id, student_name, student_phone, student_regdate, student_pw) VALUES ('ST00049','현은비','010-1335-5393','2018-09-05','5163');
INSERT INTO student_tb (student_id, student_name, student_phone, student_regdate, student_pw) VALUES ('ST00050','설병만','010-4930-8289','2018-09-15','5685');
INSERT INTO student_tb (student_id, student_name, student_phone, student_regdate, student_pw) VALUES ('ST00051','예후영','010-1544-4096','2018-10-01','9496');
INSERT INTO student_tb (student_id, student_name, student_phone, student_regdate, student_pw) VALUES ('ST00052','엄민중','010-5275-2813','2017-12-20','3132');
INSERT INTO student_tb (student_id, student_name, student_phone, student_regdate, student_pw) VALUES ('ST00053','신우진','010-3325-1846','2017-12-26','2156');
INSERT INTO student_tb (student_id, student_name, student_phone, student_regdate, student_pw) VALUES ('ST00054','윤빈','010-3365-2020','2018-01-15','2163');
INSERT INTO student_tb (student_id, student_name, student_phone, student_regdate, student_pw) VALUES ('ST00055','주수림','010-9091-9517','2018-01-20','1512');
INSERT INTO student_tb (student_id, student_name, student_phone, student_regdate, student_pw) VALUES ('ST00056','류현우','010-4303-4885','2018-02-12','1235');
INSERT INTO student_tb (student_id, student_name, student_phone, student_regdate, student_pw) VALUES ('ST00057','신태윤','010-2245-6212','2018-08-25','1561');
INSERT INTO student_tb (student_id, student_name, student_phone, student_regdate, student_pw) VALUES ('ST00058','석경태','010-9091-8540','2018-09-02','5684');
INSERT INTO student_tb (student_id, student_name, student_phone, student_regdate, student_pw) VALUES ('ST00059','금유미','010-8302-1012','2018-07-20','2165');
INSERT INTO student_tb (student_id, student_name, student_phone, student_regdate, student_pw) VALUES ('ST00060','탁준혁','010-3168-7685','2018-08-02','1527');
INSERT INTO student_tb (student_id, student_name, student_phone, student_regdate, student_pw) VALUES ('ST00061','설미연','010-4469-5548','2018-08-20','6424');
INSERT INTO student_tb (student_id, student_name, student_phone, student_regdate, student_pw) VALUES ('ST00062','금주한','010-1041-2930','2018-08-25','1646');
INSERT INTO student_tb (student_id, student_name, student_phone, student_regdate, student_pw) VALUES ('ST00063','권성현','010-8462-4555','2018-09-02','5216');
INSERT INTO student_tb (student_id, student_name, student_phone, student_regdate, student_pw) VALUES ('ST00064','편정원','010-3475-8917','2018-01-20','5161');
INSERT INTO student_tb (student_id, student_name, student_phone, student_regdate, student_pw) VALUES ('ST00065','제윤지','010-9852-7728','2018-02-12','9494');
INSERT INTO student_tb (student_id, student_name, student_phone, student_regdate, student_pw) VALUES ('ST00066','양항산','010-4505-6397','2018-02-20','5464');
INSERT INTO student_tb (student_id, student_name, student_phone, student_regdate, student_pw) VALUES ('ST00067','홍민성','010-4043-4007','2018-03-05','6161');
INSERT INTO student_tb (student_id, student_name, student_phone, student_regdate, student_pw) VALUES ('ST00068','지성철','010-3078-9755','2018-03-25','5156');
INSERT INTO student_tb (student_id, student_name, student_phone, student_regdate, student_pw) VALUES ('ST00069','문현정','010-5751-6670','2018-04-28','6916');
INSERT INTO student_tb (student_id, student_name, student_phone, student_regdate, student_pw) VALUES ('ST00070','인진호','010-8249-1708','2018-01-20','6260');
INSERT INTO student_tb (student_id, student_name, student_phone, student_regdate, student_pw) VALUES ('ST00071','연인준','010-6079-5191','2018-02-12','6516');
INSERT INTO student_tb (student_id, student_name, student_phone, student_regdate, student_pw) VALUES ('ST00072','편장훈','010-8469-4165','2018-02-20','8125');
INSERT INTO student_tb (student_id, student_name, student_phone, student_regdate, student_pw) VALUES ('ST00073','추연호','010-6500-1627','2018-03-05','1524');
INSERT INTO student_tb (student_id, student_name, student_phone, student_regdate, student_pw) VALUES ('ST00074','성예원','010-9376-5923','2018-03-25','5165');
INSERT INTO student_tb (student_id, student_name, student_phone, student_regdate, student_pw) VALUES ('ST00075','강형준','010-5924-2950','2018-04-28','5165');
INSERT INTO student_tb (student_id, student_name, student_phone, student_regdate, student_pw) VALUES ('ST00076','최현우','010-6779-3488','2018-01-20','6516');
INSERT INTO student_tb (student_id, student_name, student_phone, student_regdate, student_pw) VALUES ('ST00077','옥승민','010-6370-4570','2018-02-12','5616');
INSERT INTO student_tb (student_id, student_name, student_phone, student_regdate, student_pw) VALUES ('ST00078','허은경','010-2388-3291','2017-12-20','8495');
INSERT INTO student_tb (student_id, student_name, student_phone, student_regdate, student_pw) VALUES ('ST00079','황동국','010-3929-9730','2017-12-26','6568');
INSERT INTO student_tb (student_id, student_name, student_phone, student_regdate, student_pw) VALUES ('ST00080','소수림','010-2348-3517','2018-01-15','1565');
INSERT INTO student_tb (student_id, student_name, student_phone, student_regdate, student_pw) VALUES ('ST00081','안병헌','010-4740-9333','2018-01-20','1569');
INSERT INTO student_tb (student_id, student_name, student_phone, student_regdate, student_pw) VALUES ('ST00082','허은지','010-5915-9478','2018-02-12','8549');
INSERT INTO student_tb (student_id, student_name, student_phone, student_regdate, student_pw) VALUES ('ST00083','손경진','010-8496-9715','2017-12-20','1568');
INSERT INTO student_tb (student_id, student_name, student_phone, student_regdate, student_pw) VALUES ('ST00084','임혜진','010-3411-9815','2017-12-26','4189');
INSERT INTO student_tb (student_id, student_name, student_phone, student_regdate, student_pw) VALUES ('ST00085','차장현','010-2767-9286','2018-01-15','8493');
INSERT INTO student_tb (student_id, student_name, student_phone, student_regdate, student_pw) VALUES ('ST00086','차석민','010-8103-3804','2018-01-20','5416');
INSERT INTO student_tb (student_id, student_name, student_phone, student_regdate, student_pw) VALUES ('ST00087','손우람','010-7182-1905','2018-02-12','1660');
INSERT INTO student_tb (student_id, student_name, student_phone, student_regdate, student_pw) VALUES ('ST00088','함은재','010-1833-3020','2017-12-20','6468');
INSERT INTO student_tb (student_id, student_name, student_phone, student_regdate, student_pw) VALUES ('ST00089','홍태훈','010-4847-9855','2017-12-26','5616');
INSERT INTO student_tb (student_id, student_name, student_phone, student_regdate, student_pw) VALUES ('ST00090','이준형','010-2518-8586','2018-01-15','1658');
INSERT INTO student_tb (student_id, student_name, student_phone, student_regdate, student_pw) VALUES ('ST00091','심재훈','010-2704-3136','2018-01-20','5618');
INSERT INTO student_tb (student_id, student_name, student_phone, student_regdate, student_pw) VALUES ('ST00092','설청화','010-1180-6846','2018-02-12','6547');
INSERT INTO student_tb (student_id, student_name, student_phone, student_regdate, student_pw) VALUES ('ST00093','우후영','010-6790-7214','2017-12-20','6516');
INSERT INTO student_tb (student_id, student_name, student_phone, student_regdate, student_pw) VALUES ('ST00094','채재민','010-4712-8847','2017-12-26','1498');
INSERT INTO student_tb (student_id, student_name, student_phone, student_regdate, student_pw) VALUES ('ST00095','남소진','010-8306-2353','2018-01-15','4165');
INSERT INTO student_tb (student_id, student_name, student_phone, student_regdate, student_pw) VALUES ('ST00096','차영호','010-3712-4123','2018-01-20','6510');
INSERT INTO student_tb (student_id, student_name, student_phone, student_regdate, student_pw) VALUES ('ST00097','우현수','010-2461-4653','2018-02-12','6516');
INSERT INTO student_tb (student_id, student_name, student_phone, student_regdate, student_pw) VALUES ('ST00098','엄천예','010-4185-4811','2017-12-20','9845');
INSERT INTO student_tb (student_id, student_name, student_phone, student_regdate, student_pw) VALUES ('ST00099','송동혁','010-3281-8162','2017-12-26','1650');
INSERT INTO student_tb (student_id, student_name, student_phone, student_regdate, student_pw) VALUES ('ST00100','연정원','010-3566-1659','2018-01-15','6540');


##### 수강생 사진 테이블 ######
INSERT INTO student_photo_tb (student_photo_id, student_photo_filepath, student_id) VALUES ('STP00001','img_st_avatar.png','ST00001');
INSERT INTO student_photo_tb (student_photo_id, student_photo_filepath, student_id) VALUES ('STP00002','img_st_avatar.png','ST00002');
INSERT INTO student_photo_tb (student_photo_id, student_photo_filepath, student_id) VALUES ('STP00003','img_st_avatar.png','ST00003');
INSERT INTO student_photo_tb (student_photo_id, student_photo_filepath, student_id) VALUES ('STP00004','img_st_avatar.png','ST00004');
INSERT INTO student_photo_tb (student_photo_id, student_photo_filepath, student_id) VALUES ('STP00005','img_st_avatar.png','ST00005');
INSERT INTO student_photo_tb (student_photo_id, student_photo_filepath, student_id) VALUES ('STP00006','img_st_avatar.png','ST00006');
INSERT INTO student_photo_tb (student_photo_id, student_photo_filepath, student_id) VALUES ('STP00007','img_st_avatar.png','ST00007');
INSERT INTO student_photo_tb (student_photo_id, student_photo_filepath, student_id) VALUES ('STP00008','img_st_avatar.png','ST00008');
INSERT INTO student_photo_tb (student_photo_id, student_photo_filepath, student_id) VALUES ('STP00009','img_st_avatar.png','ST00009');
INSERT INTO student_photo_tb (student_photo_id, student_photo_filepath, student_id) VALUES ('STP00010','img_st_avatar.png','ST00010');
INSERT INTO student_photo_tb (student_photo_id, student_photo_filepath, student_id) VALUES ('STP00011','img_st_avatar.png','ST00011');
INSERT INTO student_photo_tb (student_photo_id, student_photo_filepath, student_id) VALUES ('STP00012','img_st_avatar.png','ST00012');
INSERT INTO student_photo_tb (student_photo_id, student_photo_filepath, student_id) VALUES ('STP00013','img_st_avatar.png','ST00013');
INSERT INTO student_photo_tb (student_photo_id, student_photo_filepath, student_id) VALUES ('STP00014','img_st_avatar.png','ST00014');
INSERT INTO student_photo_tb (student_photo_id, student_photo_filepath, student_id) VALUES ('STP00015','img_st_avatar.png','ST00015');
INSERT INTO student_photo_tb (student_photo_id, student_photo_filepath, student_id) VALUES ('STP00016','img_st_avatar.png','ST00016');
INSERT INTO student_photo_tb (student_photo_id, student_photo_filepath, student_id) VALUES ('STP00017','img_st_avatar.png','ST00017');
INSERT INTO student_photo_tb (student_photo_id, student_photo_filepath, student_id) VALUES ('STP00018','img_st_avatar.png','ST00018');
INSERT INTO student_photo_tb (student_photo_id, student_photo_filepath, student_id) VALUES ('STP00019','img_st_avatar.png','ST00019');
INSERT INTO student_photo_tb (student_photo_id, student_photo_filepath, student_id) VALUES ('STP00020','img_st_avatar.png','ST00020');
INSERT INTO student_photo_tb (student_photo_id, student_photo_filepath, student_id) VALUES ('STP00021','img_st_avatar.png','ST00021');
INSERT INTO student_photo_tb (student_photo_id, student_photo_filepath, student_id) VALUES ('STP00022','img_st_avatar.png','ST00022');
INSERT INTO student_photo_tb (student_photo_id, student_photo_filepath, student_id) VALUES ('STP00023','img_st_avatar.png','ST00023');
INSERT INTO student_photo_tb (student_photo_id, student_photo_filepath, student_id) VALUES ('STP00024','img_st_avatar.png','ST00024');
INSERT INTO student_photo_tb (student_photo_id, student_photo_filepath, student_id) VALUES ('STP00025','img_st_avatar.png','ST00025');
INSERT INTO student_photo_tb (student_photo_id, student_photo_filepath, student_id) VALUES ('STP00026','img_st_avatar.png','ST00026');
INSERT INTO student_photo_tb (student_photo_id, student_photo_filepath, student_id) VALUES ('STP00027','img_st_avatar.png','ST00027');
INSERT INTO student_photo_tb (student_photo_id, student_photo_filepath, student_id) VALUES ('STP00028','img_st_avatar.png','ST00028');
INSERT INTO student_photo_tb (student_photo_id, student_photo_filepath, student_id) VALUES ('STP00029','img_st_avatar.png','ST00029');
INSERT INTO student_photo_tb (student_photo_id, student_photo_filepath, student_id) VALUES ('STP00030','img_st_avatar.png','ST00030');
INSERT INTO student_photo_tb (student_photo_id, student_photo_filepath, student_id) VALUES ('STP00031','img_st_avatar.png','ST00031');
INSERT INTO student_photo_tb (student_photo_id, student_photo_filepath, student_id) VALUES ('STP00032','img_st_avatar.png','ST00032');
INSERT INTO student_photo_tb (student_photo_id, student_photo_filepath, student_id) VALUES ('STP00033','img_st_avatar.png','ST00033');
INSERT INTO student_photo_tb (student_photo_id, student_photo_filepath, student_id) VALUES ('STP00034','img_st_avatar.png','ST00034');
INSERT INTO student_photo_tb (student_photo_id, student_photo_filepath, student_id) VALUES ('STP00035','img_st_avatar.png','ST00035');
INSERT INTO student_photo_tb (student_photo_id, student_photo_filepath, student_id) VALUES ('STP00036','img_st_avatar.png','ST00036');
INSERT INTO student_photo_tb (student_photo_id, student_photo_filepath, student_id) VALUES ('STP00037','img_st_avatar.png','ST00037');
INSERT INTO student_photo_tb (student_photo_id, student_photo_filepath, student_id) VALUES ('STP00038','img_st_avatar.png','ST00038');
INSERT INTO student_photo_tb (student_photo_id, student_photo_filepath, student_id) VALUES ('STP00039','img_st_avatar.png','ST00039');
INSERT INTO student_photo_tb (student_photo_id, student_photo_filepath, student_id) VALUES ('STP00040','img_st_avatar.png','ST00040');
INSERT INTO student_photo_tb (student_photo_id, student_photo_filepath, student_id) VALUES ('STP00041','img_st_avatar.png','ST00041');
INSERT INTO student_photo_tb (student_photo_id, student_photo_filepath, student_id) VALUES ('STP00042','img_st_avatar.png','ST00042');
INSERT INTO student_photo_tb (student_photo_id, student_photo_filepath, student_id) VALUES ('STP00043','img_st_avatar.png','ST00043');
INSERT INTO student_photo_tb (student_photo_id, student_photo_filepath, student_id) VALUES ('STP00044','img_st_avatar.png','ST00044');
INSERT INTO student_photo_tb (student_photo_id, student_photo_filepath, student_id) VALUES ('STP00045','img_st_avatar.png','ST00045');
INSERT INTO student_photo_tb (student_photo_id, student_photo_filepath, student_id) VALUES ('STP00046','img_st_avatar.png','ST00046');
INSERT INTO student_photo_tb (student_photo_id, student_photo_filepath, student_id) VALUES ('STP00047','img_st_avatar.png','ST00047');
INSERT INTO student_photo_tb (student_photo_id, student_photo_filepath, student_id) VALUES ('STP00048','img_st_avatar.png','ST00048');
INSERT INTO student_photo_tb (student_photo_id, student_photo_filepath, student_id) VALUES ('STP00049','img_st_avatar.png','ST00049');
INSERT INTO student_photo_tb (student_photo_id, student_photo_filepath, student_id) VALUES ('STP00050','img_st_avatar.png','ST00050');
INSERT INTO student_photo_tb (student_photo_id, student_photo_filepath, student_id) VALUES ('STP00051','img_st_avatar.png','ST00051');
INSERT INTO student_photo_tb (student_photo_id, student_photo_filepath, student_id) VALUES ('STP00052','img_st_avatar.png','ST00052');
INSERT INTO student_photo_tb (student_photo_id, student_photo_filepath, student_id) VALUES ('STP00053','img_st_avatar.png','ST00053');
INSERT INTO student_photo_tb (student_photo_id, student_photo_filepath, student_id) VALUES ('STP00054','img_st_avatar.png','ST00054');
INSERT INTO student_photo_tb (student_photo_id, student_photo_filepath, student_id) VALUES ('STP00055','img_st_avatar.png','ST00055');
INSERT INTO student_photo_tb (student_photo_id, student_photo_filepath, student_id) VALUES ('STP00056','img_st_avatar.png','ST00056');
INSERT INTO student_photo_tb (student_photo_id, student_photo_filepath, student_id) VALUES ('STP00057','img_st_avatar.png','ST00057');
INSERT INTO student_photo_tb (student_photo_id, student_photo_filepath, student_id) VALUES ('STP00058','img_st_avatar.png','ST00058');
INSERT INTO student_photo_tb (student_photo_id, student_photo_filepath, student_id) VALUES ('STP00059','img_st_avatar.png','ST00059');
INSERT INTO student_photo_tb (student_photo_id, student_photo_filepath, student_id) VALUES ('STP00060','img_st_avatar.png','ST00060');
INSERT INTO student_photo_tb (student_photo_id, student_photo_filepath, student_id) VALUES ('STP00061','img_st_avatar.png','ST00061');
INSERT INTO student_photo_tb (student_photo_id, student_photo_filepath, student_id) VALUES ('STP00062','img_st_avatar.png','ST00062');
INSERT INTO student_photo_tb (student_photo_id, student_photo_filepath, student_id) VALUES ('STP00063','img_st_avatar.png','ST00063');
INSERT INTO student_photo_tb (student_photo_id, student_photo_filepath, student_id) VALUES ('STP00064','img_st_avatar.png','ST00064');
INSERT INTO student_photo_tb (student_photo_id, student_photo_filepath, student_id) VALUES ('STP00065','img_st_avatar.png','ST00065');
INSERT INTO student_photo_tb (student_photo_id, student_photo_filepath, student_id) VALUES ('STP00066','img_st_avatar.png','ST00066');
INSERT INTO student_photo_tb (student_photo_id, student_photo_filepath, student_id) VALUES ('STP00067','img_st_avatar.png','ST00067');
INSERT INTO student_photo_tb (student_photo_id, student_photo_filepath, student_id) VALUES ('STP00068','img_st_avatar.png','ST00068');
INSERT INTO student_photo_tb (student_photo_id, student_photo_filepath, student_id) VALUES ('STP00069','img_st_avatar.png','ST00069');
INSERT INTO student_photo_tb (student_photo_id, student_photo_filepath, student_id) VALUES ('STP00070','img_st_avatar.png','ST00070');
INSERT INTO student_photo_tb (student_photo_id, student_photo_filepath, student_id) VALUES ('STP00071','img_st_avatar.png','ST00071');
INSERT INTO student_photo_tb (student_photo_id, student_photo_filepath, student_id) VALUES ('STP00072','img_st_avatar.png','ST00072');
INSERT INTO student_photo_tb (student_photo_id, student_photo_filepath, student_id) VALUES ('STP00073','img_st_avatar.png','ST00073');
INSERT INTO student_photo_tb (student_photo_id, student_photo_filepath, student_id) VALUES ('STP00074','img_st_avatar.png','ST00074');
INSERT INTO student_photo_tb (student_photo_id, student_photo_filepath, student_id) VALUES ('STP00075','img_st_avatar.png','ST00075');
INSERT INTO student_photo_tb (student_photo_id, student_photo_filepath, student_id) VALUES ('STP00076','img_st_avatar.png','ST00076');
INSERT INTO student_photo_tb (student_photo_id, student_photo_filepath, student_id) VALUES ('STP00077','img_st_avatar.png','ST00077');
INSERT INTO student_photo_tb (student_photo_id, student_photo_filepath, student_id) VALUES ('STP00078','img_st_avatar.png','ST00078');
INSERT INTO student_photo_tb (student_photo_id, student_photo_filepath, student_id) VALUES ('STP00079','img_st_avatar.png','ST00079');
INSERT INTO student_photo_tb (student_photo_id, student_photo_filepath, student_id) VALUES ('STP00080','img_st_avatar.png','ST00080');
INSERT INTO student_photo_tb (student_photo_id, student_photo_filepath, student_id) VALUES ('STP00081','img_st_avatar.png','ST00081');
INSERT INTO student_photo_tb (student_photo_id, student_photo_filepath, student_id) VALUES ('STP00082','img_st_avatar.png','ST00082');
INSERT INTO student_photo_tb (student_photo_id, student_photo_filepath, student_id) VALUES ('STP00083','img_st_avatar.png','ST00083');
INSERT INTO student_photo_tb (student_photo_id, student_photo_filepath, student_id) VALUES ('STP00084','img_st_avatar.png','ST00084');
INSERT INTO student_photo_tb (student_photo_id, student_photo_filepath, student_id) VALUES ('STP00085','img_st_avatar.png','ST00085');
INSERT INTO student_photo_tb (student_photo_id, student_photo_filepath, student_id) VALUES ('STP00086','img_st_avatar.png','ST00086');
INSERT INTO student_photo_tb (student_photo_id, student_photo_filepath, student_id) VALUES ('STP00087','img_st_avatar.png','ST00087');
INSERT INTO student_photo_tb (student_photo_id, student_photo_filepath, student_id) VALUES ('STP00088','img_st_avatar.png','ST00088');
INSERT INTO student_photo_tb (student_photo_id, student_photo_filepath, student_id) VALUES ('STP00089','img_st_avatar.png','ST00089');
INSERT INTO student_photo_tb (student_photo_id, student_photo_filepath, student_id) VALUES ('STP00090','img_st_avatar.png','ST00090');
INSERT INTO student_photo_tb (student_photo_id, student_photo_filepath, student_id) VALUES ('STP00091','img_st_avatar.png','ST00091');
INSERT INTO student_photo_tb (student_photo_id, student_photo_filepath, student_id) VALUES ('STP00092','img_st_avatar.png','ST00092');
INSERT INTO student_photo_tb (student_photo_id, student_photo_filepath, student_id) VALUES ('STP00093','img_st_avatar.png','ST00093');
INSERT INTO student_photo_tb (student_photo_id, student_photo_filepath, student_id) VALUES ('STP00094','img_st_avatar.png','ST00094');
INSERT INTO student_photo_tb (student_photo_id, student_photo_filepath, student_id) VALUES ('STP00095','img_st_avatar.png','ST00095');
INSERT INTO student_photo_tb (student_photo_id, student_photo_filepath, student_id) VALUES ('STP00096','img_st_avatar.png','ST00096');
INSERT INTO student_photo_tb (student_photo_id, student_photo_filepath, student_id) VALUES ('STP00097','img_st_avatar.png','ST00097');
INSERT INTO student_photo_tb (student_photo_id, student_photo_filepath, student_id) VALUES ('STP00098','img_st_avatar.png','ST00098');
INSERT INTO student_photo_tb (student_photo_id, student_photo_filepath, student_id) VALUES ('STP00099','img_st_avatar.png','ST00099');
INSERT INTO student_photo_tb (student_photo_id, student_photo_filepath, student_id) VALUES ('STP00100','img_st_avatar.png','ST00100');


##### 강사 테이블 #####
INSERT INTO instructor_tb (instructor_id, instructor_name, instructor_phone, instructor_regdate, instructor_pw) VALUES ('INS001','이민종','010-1234-4321','2017-07-01','4321');
INSERT INTO instructor_tb (instructor_id, instructor_name, instructor_phone, instructor_regdate, instructor_pw) VALUES ('INS002','정종호','010-5285-3994','2017-07-01','3994');
INSERT INTO instructor_tb (instructor_id, instructor_name, instructor_phone, instructor_regdate, instructor_pw) VALUES ('INS003','정재우','010-7467-2111','2017-07-01','2111');
INSERT INTO instructor_tb (instructor_id, instructor_name, instructor_phone, instructor_regdate, instructor_pw) VALUES ('INS004','김비삼','010-6339-7148','2017-08-14','7148');
INSERT INTO instructor_tb (instructor_id, instructor_name, instructor_phone, instructor_regdate, instructor_pw) VALUES ('INS005','조천운','010-4912-4701','2017-08-14','4701');
INSERT INTO instructor_tb (instructor_id, instructor_name, instructor_phone, instructor_regdate, instructor_pw) VALUES ('INS006','최장학','010-5443-5830','2017-08-14','5830');
INSERT INTO instructor_tb (instructor_id, instructor_name, instructor_phone, instructor_regdate, instructor_pw) VALUES ('INS007','이상원','010-1932-1332','2017-08-22','1332');
INSERT INTO instructor_tb (instructor_id, instructor_name, instructor_phone, instructor_regdate, instructor_pw) VALUES ('INS008','차장윤','010-2438-8474','2017-08-22','8474');
INSERT INTO instructor_tb (instructor_id, instructor_name, instructor_phone, instructor_regdate, instructor_pw) VALUES ('INS009','이동민','010-4630-7751','2017-08-29','7751');
INSERT INTO instructor_tb (instructor_id, instructor_name, instructor_phone, instructor_regdate, instructor_pw) VALUES ('INS010','장규백','010-9374-5864','2017-09-02','5864');
INSERT INTO instructor_tb (instructor_id, instructor_name, instructor_phone, instructor_regdate, instructor_pw) VALUES ('INS011','강군모','010-9705-7507','2017-09-02','7507');
INSERT INTO instructor_tb (instructor_id, instructor_name, instructor_phone, instructor_regdate, instructor_pw) VALUES ('INS012','노시환','010-9199-9770','2017-09-02','9770');
INSERT INTO instructor_tb (instructor_id, instructor_name, instructor_phone, instructor_regdate, instructor_pw) VALUES ('INS013','전경택','010-5748-8896','2017-09-11','8896');
INSERT INTO instructor_tb (instructor_id, instructor_name, instructor_phone, instructor_regdate, instructor_pw) VALUES ('INS014','한중현','010-4314-4595','2017-09-11','4595');
INSERT INTO instructor_tb (instructor_id, instructor_name, instructor_phone, instructor_regdate, instructor_pw) VALUES ('INS015','지동주','010-1669-6751','2017-09-15','6751');
INSERT INTO instructor_tb (instructor_id, instructor_name, instructor_phone, instructor_regdate, instructor_pw) VALUES ('INS016','송서진','010-7558-8648','2017-09-15','8648');
INSERT INTO instructor_tb (instructor_id, instructor_name, instructor_phone, instructor_regdate, instructor_pw) VALUES ('INS017','이성호','010-1412-1622','2017-09-15','1622');
INSERT INTO instructor_tb (instructor_id, instructor_name, instructor_phone, instructor_regdate, instructor_pw) VALUES ('INS018','최영철','010-2492-3637','2017-10-11','3637');
INSERT INTO instructor_tb (instructor_id, instructor_name, instructor_phone, instructor_regdate, instructor_pw) VALUES ('INS019','김옥자','010-2557-6428','2017-10-11','6428');
INSERT INTO instructor_tb (instructor_id, instructor_name, instructor_phone, instructor_regdate, instructor_pw) VALUES ('INS020','강윤서','010-6658-5825','2017-10-30','5825');


##### 강사 사진 테이블 #####
INSERT INTO instructor_photo_tb (instructor_photo_id, instructor_photo_filepath, instructor_id) VALUES ('INSP001','img_ins_avatar.png','INS001');
INSERT INTO instructor_photo_tb (instructor_photo_id, instructor_photo_filepath, instructor_id) VALUES ('INSP002','img_ins_avatar.png','INS002');
INSERT INTO instructor_photo_tb (instructor_photo_id, instructor_photo_filepath, instructor_id) VALUES ('INSP003','img_ins_avatar.png','INS003');
INSERT INTO instructor_photo_tb (instructor_photo_id, instructor_photo_filepath, instructor_id) VALUES ('INSP004','img_ins_avatar.png','INS004');
INSERT INTO instructor_photo_tb (instructor_photo_id, instructor_photo_filepath, instructor_id) VALUES ('INSP005','img_ins_avatar.png','INS005');
INSERT INTO instructor_photo_tb (instructor_photo_id, instructor_photo_filepath, instructor_id) VALUES ('INSP006','img_ins_avatar.png','INS006');
INSERT INTO instructor_photo_tb (instructor_photo_id, instructor_photo_filepath, instructor_id) VALUES ('INSP007','img_ins_avatar.png','INS007');
INSERT INTO instructor_photo_tb (instructor_photo_id, instructor_photo_filepath, instructor_id) VALUES ('INSP008','img_ins_avatar.png','INS008');
INSERT INTO instructor_photo_tb (instructor_photo_id, instructor_photo_filepath, instructor_id) VALUES ('INSP009','img_ins_avatar.png','INS009');
INSERT INTO instructor_photo_tb (instructor_photo_id, instructor_photo_filepath, instructor_id) VALUES ('INSP010','img_ins_avatar.png','INS010');
INSERT INTO instructor_photo_tb (instructor_photo_id, instructor_photo_filepath, instructor_id) VALUES ('INSP011','img_ins_avatar.png','INS011');
INSERT INTO instructor_photo_tb (instructor_photo_id, instructor_photo_filepath, instructor_id) VALUES ('INSP012','img_ins_avatar.png','INS012');
INSERT INTO instructor_photo_tb (instructor_photo_id, instructor_photo_filepath, instructor_id) VALUES ('INSP013','img_ins_avatar.png','INS013');
INSERT INTO instructor_photo_tb (instructor_photo_id, instructor_photo_filepath, instructor_id) VALUES ('INSP014','img_ins_avatar.png','INS014');
INSERT INTO instructor_photo_tb (instructor_photo_id, instructor_photo_filepath, instructor_id) VALUES ('INSP015','img_ins_avatar.png','INS015');
INSERT INTO instructor_photo_tb (instructor_photo_id, instructor_photo_filepath, instructor_id) VALUES ('INSP016','img_ins_avatar.png','INS016');
INSERT INTO instructor_photo_tb (instructor_photo_id, instructor_photo_filepath, instructor_id) VALUES ('INSP017','img_ins_avatar.png','INS017');
INSERT INTO instructor_photo_tb (instructor_photo_id, instructor_photo_filepath, instructor_id) VALUES ('INSP018','img_ins_avatar.png','INS018');
INSERT INTO instructor_photo_tb (instructor_photo_id, instructor_photo_filepath, instructor_id) VALUES ('INSP019','img_ins_avatar.png','INS019');
INSERT INTO instructor_photo_tb (instructor_photo_id, instructor_photo_filepath, instructor_id) VALUES ('INSP020','img_ins_avatar.png','INS020');


##### 관리자 테이블 #####
INSERT INTO admin_tb (admin_id, admin_name, admin_phone, admin_regdate, admin_pw, admin_grade, admin_blind) VALUES ('ADMIN001','김기웅','010-1111-1111','2017-01-02','1234','SuperAdmin',FALSE);
INSERT INTO admin_tb (admin_id, admin_name, admin_phone, admin_regdate, admin_pw, admin_grade, admin_blind) VALUES ('ADMIN002','신현식','010-2222-2222','2017-03-05','1234','admin',FALSE);
INSERT INTO admin_tb (admin_id, admin_name, admin_phone, admin_regdate, admin_pw, admin_grade, admin_blind) VALUES ('ADMIN003','전은미','010-3333-3333','2017-06-26','1234','admin',FALSE);
INSERT INTO admin_tb (admin_id, admin_name, admin_phone, admin_regdate, admin_pw, admin_grade, admin_blind) VALUES ('ADMIN004','임예린','010-5555-5555','2017-07-07','1234','admin',TRUE);
INSERT INTO admin_tb (admin_id, admin_name, admin_phone, admin_regdate, admin_pw, admin_grade, admin_blind) VALUES ('ADMIN005','이희창','010-7777-7777','2018-03-15','1234','admin',FALSE);
INSERT INTO admin_tb (admin_id, admin_name, admin_phone, admin_regdate, admin_pw, admin_grade, admin_blind) VALUES ('ADMIN006','서현아','010-8888-8888','2018-05-02','1234','admin',TRUE);


##### 공지사항 테이블 #####
INSERT INTO notice_tb (notice_id, notice_content, notice_regdate, admin_id) VALUES ('NOTICE0001','창립 기념일입니다.','2017-05-10','ADMIN002');
INSERT INTO notice_tb (notice_id, notice_content, notice_regdate, admin_id) VALUES ('NOTICE0002','즐거운 한가위 되세요.','2017-09-29','ADMIN002');
INSERT INTO notice_tb (notice_id, notice_content, notice_regdate, admin_id) VALUES ('NOTICE0003','메리 크리스마스~','2017-12-24','ADMIN002');
INSERT INTO notice_tb (notice_id, notice_content, notice_regdate, admin_id) VALUES ('NOTICE0004','새해 복 많이 받으세요','2017-12-28','ADMIN003');
INSERT INTO notice_tb (notice_id, notice_content, notice_regdate, admin_id) VALUES ('NOTICE0005','즐거운 설날 되세요','2018-02-13','ADMIN003');
INSERT INTO notice_tb (notice_id, notice_content, notice_regdate, admin_id) VALUES ('NOTICE0006','삼일절 입니다.','2018-02-20','ADMIN003');
INSERT INTO notice_tb (notice_id, notice_content, notice_regdate, admin_id) VALUES ('NOTICE0007','나무를 심읍시다.','2018-04-05','ADMIN003');
INSERT INTO notice_tb (notice_id, notice_content, notice_regdate, admin_id) VALUES ('NOTICE0008','5월 7일은 대체 휴일입니다.','2018-05-02','ADMIN003');
INSERT INTO notice_tb (notice_id, notice_content, notice_regdate, admin_id) VALUES ('NOTICE0009','부처님 오신날입니다.','2018-05-21','ADMIN005');
INSERT INTO notice_tb (notice_id, notice_content, notice_regdate, admin_id) VALUES ('NOTICE0010','즐거운 한가위 되세요.','2018-09-20','ADMIN005');


##### 강의 가능 과목 테이블 #####
INSERT INTO instructor_possible_tb (instructor_id, subject_id) VALUES ('INS001','SUB003');
INSERT INTO instructor_possible_tb (instructor_id, subject_id) VALUES ('INS001','SUB001');
INSERT INTO instructor_possible_tb (instructor_id, subject_id) VALUES ('INS001','SUB014');
INSERT INTO instructor_possible_tb (instructor_id, subject_id) VALUES ('INS002','SUB005');
INSERT INTO instructor_possible_tb (instructor_id, subject_id) VALUES ('INS003','SUB014');
INSERT INTO instructor_possible_tb (instructor_id, subject_id) VALUES ('INS004','SUB001');
INSERT INTO instructor_possible_tb (instructor_id, subject_id) VALUES ('INS004','SUB002');
INSERT INTO instructor_possible_tb (instructor_id, subject_id) VALUES ('INS005','SUB025');
INSERT INTO instructor_possible_tb (instructor_id, subject_id) VALUES ('INS006','SUB008');
INSERT INTO instructor_possible_tb (instructor_id, subject_id) VALUES ('INS006','SUB011');
INSERT INTO instructor_possible_tb (instructor_id, subject_id) VALUES ('INS006','SUB021');
INSERT INTO instructor_possible_tb (instructor_id, subject_id) VALUES ('INS007','SUB002');
INSERT INTO instructor_possible_tb (instructor_id, subject_id) VALUES ('INS007','SUB009');
INSERT INTO instructor_possible_tb (instructor_id, subject_id) VALUES ('INS007','SUB008');
INSERT INTO instructor_possible_tb (instructor_id, subject_id) VALUES ('INS008','SUB012');
INSERT INTO instructor_possible_tb (instructor_id, subject_id) VALUES ('INS009','SUB001');
INSERT INTO instructor_possible_tb (instructor_id, subject_id) VALUES ('INS009','SUB022');
INSERT INTO instructor_possible_tb (instructor_id, subject_id) VALUES ('INS010','SUB004');
INSERT INTO instructor_possible_tb (instructor_id, subject_id) VALUES ('INS011','SUB005');
INSERT INTO instructor_possible_tb (instructor_id, subject_id) VALUES ('INS011','SUB002');
INSERT INTO instructor_possible_tb (instructor_id, subject_id) VALUES ('INS012','SUB010');
INSERT INTO instructor_possible_tb (instructor_id, subject_id) VALUES ('INS012','SUB009');
INSERT INTO instructor_possible_tb (instructor_id, subject_id) VALUES ('INS013','SUB003');
INSERT INTO instructor_possible_tb (instructor_id, subject_id) VALUES ('INS013','SUB026');
INSERT INTO instructor_possible_tb (instructor_id, subject_id) VALUES ('INS014','SUB008');
INSERT INTO instructor_possible_tb (instructor_id, subject_id) VALUES ('INS015','SUB004');
INSERT INTO instructor_possible_tb (instructor_id, subject_id) VALUES ('INS015','SUB008');
INSERT INTO instructor_possible_tb (instructor_id, subject_id) VALUES ('INS015','SUB011');
INSERT INTO instructor_possible_tb (instructor_id, subject_id) VALUES ('INS016','SUB003');
INSERT INTO instructor_possible_tb (instructor_id, subject_id) VALUES ('INS016','SUB012');
INSERT INTO instructor_possible_tb (instructor_id, subject_id) VALUES ('INS016','SUB025');
INSERT INTO instructor_possible_tb (instructor_id, subject_id) VALUES ('INS017','SUB026');
INSERT INTO instructor_possible_tb (instructor_id, subject_id) VALUES ('INS017','SUB013');
INSERT INTO instructor_possible_tb (instructor_id, subject_id) VALUES ('INS017','SUB002');
INSERT INTO instructor_possible_tb (instructor_id, subject_id) VALUES ('INS017','SUB001');
INSERT INTO instructor_possible_tb (instructor_id, subject_id) VALUES ('INS017','SUB008');
INSERT INTO instructor_possible_tb (instructor_id, subject_id) VALUES ('INS018','SUB001');
INSERT INTO instructor_possible_tb (instructor_id, subject_id) VALUES ('INS018','SUB003');
INSERT INTO instructor_possible_tb (instructor_id, subject_id) VALUES ('INS019','SUB003');
INSERT INTO instructor_possible_tb (instructor_id, subject_id) VALUES ('INS020','SUB009');


##### 개설 과정 테이블 #####
INSERT INTO open_course_tb (open_course_id, classroom_id, course_id, open_course_start_date, open_course_end_date) VALUES ('OC0001','CR01','CS0001','2018-01-02','2018-05-06');
INSERT INTO open_course_tb (open_course_id, classroom_id, course_id, open_course_start_date, open_course_end_date) VALUES ('OC0002','CR01','CS0003','2018-02-08','2018-08-05');
INSERT INTO open_course_tb (open_course_id, classroom_id, course_id, open_course_start_date, open_course_end_date) VALUES ('OC0003','CR02','CS0001','2018-03-12','2018-07-11');
INSERT INTO open_course_tb (open_course_id, classroom_id, course_id, open_course_start_date, open_course_end_date) VALUES ('OC0004','CR02','CS0007','2018-09-20','2018-12-30');
INSERT INTO open_course_tb (open_course_id, classroom_id, course_id, open_course_start_date, open_course_end_date) VALUES ('OC0005','CR03','CS0008','2018-10-05','2019-01-12');
INSERT INTO open_course_tb (open_course_id, classroom_id, course_id, open_course_start_date, open_course_end_date) VALUES ('OC0006','CR03','CS0008','2018-11-12','2019-01-23');
INSERT INTO open_course_tb (open_course_id, classroom_id, course_id, open_course_start_date, open_course_end_date) VALUES ('OC0007','CR04','CS0005','2018-11-25','2019-02-03');
INSERT INTO open_course_tb (open_course_id, classroom_id, course_id, open_course_start_date, open_course_end_date) VALUES ('OC0008','CR04','CS0010','2019-01-05','2019-05-20');
INSERT INTO open_course_tb (open_course_id, classroom_id, course_id, open_course_start_date, open_course_end_date) VALUES ('OC0009','CR05','CS0002','2019-01-17','2019-06-05');
INSERT INTO open_course_tb (open_course_id, classroom_id, course_id, open_course_start_date, open_course_end_date) VALUES ('OC0010','CR05','CS0010','2019-02-10','2019-07-09');
INSERT INTO open_course_tb (open_course_id, classroom_id, course_id, open_course_start_date, open_course_end_date) VALUES ('OC0011','CR01','CS0011','2019-04-12','2019-10-23');
INSERT INTO open_course_tb (open_course_id, classroom_id, course_id, open_course_start_date, open_course_end_date) VALUES ('OC0012','CR02','CS0012','2019-07-15','2019-12-14');
INSERT INTO open_course_tb (open_course_id, classroom_id, course_id, open_course_start_date, open_course_end_date) VALUES ('OC0013','CR03','CS0013','2019-08-23','2019-11-17');
INSERT INTO open_course_tb (open_course_id, classroom_id, course_id, open_course_start_date, open_course_end_date) VALUES ('OC0014','CR04','CS0014','2019-08-30','2020-01-04');
INSERT INTO open_course_tb (open_course_id, classroom_id, course_id, open_course_start_date, open_course_end_date) VALUES ('OC0015','CR05','CS0015','2019-09-22','2020-02-28');


##### 개설 과목 테이블 #####
INSERT INTO open_subject_tb (open_subject_id, subjectbook_id, instructor_id, subject_id, open_course_id, subject_start_date, subject_end_date) VALUES ('OS0001','SB0002','INS007','SUB002','OC0001','2018-01-02','2018-03-02');
INSERT INTO open_subject_tb (open_subject_id, subjectbook_id, instructor_id, subject_id, open_course_id, subject_start_date, subject_end_date) VALUES ('OS0002','SB0028','INS001','SUB003','OC0001','2018-03-03','2018-05-06');
INSERT INTO open_subject_tb (open_subject_id, subjectbook_id, instructor_id, subject_id, open_course_id, subject_start_date, subject_end_date) VALUES ('OS0003','SB0001','INS001','SUB001','OC0002','2018-02-08','2018-03-11');
INSERT INTO open_subject_tb (open_subject_id, subjectbook_id, instructor_id, subject_id, open_course_id, subject_start_date, subject_end_date) VALUES ('OS0004','SB0010','INS006','SUB008','OC0002','2018-03-12','2018-04-10');
INSERT INTO open_subject_tb (open_subject_id, subjectbook_id, instructor_id, subject_id, open_course_id, subject_start_date, subject_end_date) VALUES ('OS0005','SB0019','INS012','SUB010','OC0002','2018-04-11','2018-06-01');
INSERT INTO open_subject_tb (open_subject_id, subjectbook_id, instructor_id, subject_id, open_course_id, subject_start_date, subject_end_date) VALUES ('OS0006','SB0012','INS006','SUB011','OC0002','2018-06-01','2018-06-30');
INSERT INTO open_subject_tb (open_subject_id, subjectbook_id, instructor_id, subject_id, open_course_id, subject_start_date, subject_end_date) VALUES ('OS0007','SB0014','INS008','SUB012','OC0002','2018-07-01','2018-08-05');
INSERT INTO open_subject_tb (open_subject_id, subjectbook_id, instructor_id, subject_id, open_course_id, subject_start_date, subject_end_date) VALUES ('OS0008','SB0007','INS010','SUB004','OC0003','2018-03-12','2018-05-11');
INSERT INTO open_subject_tb (open_subject_id, subjectbook_id, instructor_id, subject_id, open_course_id, subject_start_date, subject_end_date) VALUES ('OS0009','SB0028','INS019','SUB003','OC0003','2018-05-12','2018-06-11');
INSERT INTO open_subject_tb (open_subject_id, subjectbook_id, instructor_id, subject_id, open_course_id, subject_start_date, subject_end_date) VALUES ('OS0010',NULL,'INS001','SUB014','OC0003','2018-06-12','2018-07-11');
INSERT INTO open_subject_tb (open_subject_id, subjectbook_id, instructor_id, subject_id, open_course_id, subject_start_date, subject_end_date) VALUES ('OS0011','SB0017','INS005','SUB025','OC0004','2018-09-20','2018-10-15');
INSERT INTO open_subject_tb (open_subject_id, subjectbook_id, instructor_id, subject_id, open_course_id, subject_start_date, subject_end_date) VALUES ('OS0012',NULL,'INS006','SUB021','OC0004','2018-10-15','2018-11-15');
INSERT INTO open_subject_tb (open_subject_id, subjectbook_id, instructor_id, subject_id, open_course_id, subject_start_date, subject_end_date) VALUES ('OS0013','SB0007','INS015','SUB004','OC0004','2018-11-16','2018-12-30');
INSERT INTO open_subject_tb (open_subject_id, subjectbook_id, instructor_id, subject_id, open_course_id, subject_start_date, subject_end_date) VALUES ('OS0014','SB0008','INS002','SUB005','OC0005','2018-10-05','2018-11-05');
INSERT INTO open_subject_tb (open_subject_id, subjectbook_id, instructor_id, subject_id, open_course_id, subject_start_date, subject_end_date) VALUES ('OS0015','SB0010','INS014','SUB008','OC0005','2018-11-06','2018-12-06');
INSERT INTO open_subject_tb (open_subject_id, subjectbook_id, instructor_id, subject_id, open_course_id, subject_start_date, subject_end_date) VALUES ('OS0016','SB0011','INS007','SUB009','OC0005','2018-12-07','2019-01-12');
INSERT INTO open_subject_tb (open_subject_id, subjectbook_id, instructor_id, subject_id, open_course_id, subject_start_date, subject_end_date) VALUES ('OS0017','SB0009','INS011','SUB005','OC0006','2018-11-12','2018-11-30');
INSERT INTO open_subject_tb (open_subject_id, subjectbook_id, instructor_id, subject_id, open_course_id, subject_start_date, subject_end_date) VALUES ('OS0018','SB0010','INS015','SUB008','OC0006','2018-12-01','2018-12-22');
INSERT INTO open_subject_tb (open_subject_id, subjectbook_id, instructor_id, subject_id, open_course_id, subject_start_date, subject_end_date) VALUES ('OS0019','SB0010','INS020','SUB009','OC0006','2018-12-23','2019-01-23');
INSERT INTO open_subject_tb (open_subject_id, subjectbook_id, instructor_id, subject_id, open_course_id, subject_start_date, subject_end_date) VALUES ('OS0020','SB0004','INS004','SUB001','OC0007','2018-11-25','2018-12-05');
INSERT INTO open_subject_tb (open_subject_id, subjectbook_id, instructor_id, subject_id, open_course_id, subject_start_date, subject_end_date) VALUES ('OS0021','SB0006','INS011','SUB002','OC0007','2018-12-06','2018-01-05');
INSERT INTO open_subject_tb (open_subject_id, subjectbook_id, instructor_id, subject_id, open_course_id, subject_start_date, subject_end_date) VALUES ('OS0022','SB0028','INS016','SUB003','OC0007','2019-01-06','2019-02-03');
INSERT INTO open_subject_tb (open_subject_id, subjectbook_id, instructor_id, subject_id, open_course_id, subject_start_date, subject_end_date) VALUES ('OS0023','SB0030','INS018','SUB001','OC0008','2019-01-05','2019-02-05');
INSERT INTO open_subject_tb (open_subject_id, subjectbook_id, instructor_id, subject_id, open_course_id, subject_start_date, subject_end_date) VALUES ('OS0024',NULL,'INS017','SUB026','OC0008','2019-02-06','2019-03-06');
INSERT INTO open_subject_tb (open_subject_id, subjectbook_id, instructor_id, subject_id, open_course_id, subject_start_date, subject_end_date) VALUES ('OS0025','SB0021','INS017','SUB013','OC0008','2019-03-07','2019-04-07');
INSERT INTO open_subject_tb (open_subject_id, subjectbook_id, instructor_id, subject_id, open_course_id, subject_start_date, subject_end_date) VALUES ('OS0026','SB0012','INS015','SUB011','OC0008','2019-04-08','2019-04-15');
INSERT INTO open_subject_tb (open_subject_id, subjectbook_id, instructor_id, subject_id, open_course_id, subject_start_date, subject_end_date) VALUES ('OS0027','SB0022','INS016','SUB012','OC0008','2019-04-16','2019-05-20');
INSERT INTO open_subject_tb (open_subject_id, subjectbook_id, instructor_id, subject_id, open_course_id, subject_start_date, subject_end_date) VALUES ('OS0028','SB0001','INS009','SUB001','OC0009','2019-01-17','2019-02-17');
INSERT INTO open_subject_tb (open_subject_id, subjectbook_id, instructor_id, subject_id, open_course_id, subject_start_date, subject_end_date) VALUES ('OS0029','SB0006','INS017','SUB002','OC0009','2019-02-17','2019-02-28');
INSERT INTO open_subject_tb (open_subject_id, subjectbook_id, instructor_id, subject_id, open_course_id, subject_start_date, subject_end_date) VALUES ('OS0030','SB0028','INS013','SUB003','OC0009','2019-03-01','2019-03-15');
INSERT INTO open_subject_tb (open_subject_id, subjectbook_id, instructor_id, subject_id, open_course_id, subject_start_date, subject_end_date) VALUES ('OS0031','SB0011','INS007','SUB008','OC0009','2019-03-16','2019-04-01');
INSERT INTO open_subject_tb (open_subject_id, subjectbook_id, instructor_id, subject_id, open_course_id, subject_start_date, subject_end_date) VALUES ('OS0032','SB0011','INS012','SUB009','OC0009','2019-04-15','2019-05-01');
INSERT INTO open_subject_tb (open_subject_id, subjectbook_id, instructor_id, subject_id, open_course_id, subject_start_date, subject_end_date) VALUES ('OS0033',NULL,'INS003','SUB014','OC0009','2019-05-02','2019-05-12');
INSERT INTO open_subject_tb (open_subject_id, subjectbook_id, instructor_id, subject_id, open_course_id, subject_start_date, subject_end_date) VALUES ('OS0034','SB0015','INS009','SUB022','OC0009','2019-05-13','2019-05-20');
INSERT INTO open_subject_tb (open_subject_id, subjectbook_id, instructor_id, subject_id, open_course_id, subject_start_date, subject_end_date) VALUES ('OS0035','SB0026','INS016','SUB025','OC0009','2019-05-21','2019-06-05');
INSERT INTO open_subject_tb (open_subject_id, subjectbook_id, instructor_id, subject_id, open_course_id, subject_start_date, subject_end_date) VALUES ('OS0036','SB0001','INS017','SUB001','OC0010','2019-02-10','2019-02-28');
INSERT INTO open_subject_tb (open_subject_id, subjectbook_id, instructor_id, subject_id, open_course_id, subject_start_date, subject_end_date) VALUES ('OS0037','SB0006','INS004','SUB002','OC0010','2019-03-01','2019-03-20');
INSERT INTO open_subject_tb (open_subject_id, subjectbook_id, instructor_id, subject_id, open_course_id, subject_start_date, subject_end_date) VALUES ('OS0038','SB0028','INS018','SUB003','OC0010','2019-03-21','2019-04-11');
INSERT INTO open_subject_tb (open_subject_id, subjectbook_id, instructor_id, subject_id, open_course_id, subject_start_date, subject_end_date) VALUES ('OS0039','SB0011','INS013','SUB026','OC0010','2019-04-12','2019-05-13');
INSERT INTO open_subject_tb (open_subject_id, subjectbook_id, instructor_id, subject_id, open_course_id, subject_start_date, subject_end_date) VALUES ('OS0040',NULL,'INS017','SUB008','OC0010','2019-05-14','2019-07-09');


##### 시험 테이블 #####
INSERT INTO exam_tb(exam_id, exam_date, exam_file, open_subject_id) VALUES ('EXAM0001','2018-02-18','OS0001_180218.zip','OS0001');
INSERT INTO exam_tb(exam_id, exam_date, exam_file, open_subject_id) VALUES ('EXAM0002','2018-03-22','OS0002_180322.zip','OS0002');
INSERT INTO exam_tb(exam_id, exam_date, exam_file, open_subject_id) VALUES ('EXAM0003','2018-04-16','OS0002_180416.zip','OS0002');
INSERT INTO exam_tb(exam_id, exam_date, exam_file, open_subject_id) VALUES ('EXAM0004','2018-02-28','OS0003_180228.zip','OS0003');
INSERT INTO exam_tb(exam_id, exam_date, exam_file, open_subject_id) VALUES ('EXAM0005','2018-03-31','OS0004_180331.zip','OS0004');
INSERT INTO exam_tb(exam_id, exam_date, exam_file, open_subject_id) VALUES ('EXAM0006','2018-05-15','OS0005_180515.zip','OS0005');
INSERT INTO exam_tb(exam_id, exam_date, exam_file, open_subject_id) VALUES ('EXAM0007','2018-06-15','OS0006_180615.zip','OS0006');
INSERT INTO exam_tb(exam_id, exam_date, exam_file, open_subject_id) VALUES ('EXAM0008','2018-07-17','OS0007_180717.zip','OS0007');
INSERT INTO exam_tb(exam_id, exam_date, exam_file, open_subject_id) VALUES ('EXAM0009','2018-08-03','OS0007_180803.zip','OS0007');
INSERT INTO exam_tb(exam_id, exam_date, exam_file, open_subject_id) VALUES ('EXAM0010','2018-04-22','OS0008_180422.zip','OS0008');
INSERT INTO exam_tb(exam_id, exam_date, exam_file, open_subject_id) VALUES ('EXAM0011','2018-06-05','OS0009_180605.zip','OS0009');
INSERT INTO exam_tb(exam_id, exam_date, exam_file, open_subject_id) VALUES ('EXAM0012','2018-06-29','OS0010_180629.zip','OS0010');
INSERT INTO exam_tb(exam_id, exam_date, exam_file, open_subject_id) VALUES ('EXAM0013','2018-07-03','OS0010_180703.zip','OS0010');
INSERT INTO exam_tb(exam_id, exam_date, exam_file, open_subject_id) VALUES ('EXAM0014','2018-10-01','OS0011_181001.zip','OS0011');
INSERT INTO exam_tb(exam_id, exam_date, exam_file, open_subject_id) VALUES ('EXAM0015','2018-10-30','OS0012_181030.zip','OS0012');
INSERT INTO exam_tb(exam_id, exam_date, exam_file, open_subject_id) VALUES ('EXAM0016','2018-11-27','OS0013_181127.zip','OS0013');
INSERT INTO exam_tb(exam_id, exam_date, exam_file, open_subject_id) VALUES ('EXAM0017','2018-12-20','OS0013_181220.zip','OS0013');
INSERT INTO exam_tb(exam_id, exam_date, exam_file, open_subject_id) VALUES ('EXAM0018','2018-10-28','OS0014_181028.zip','OS0014');
INSERT INTO exam_tb(exam_id, exam_date, exam_file, open_subject_id) VALUES ('EXAM0019','2018-11-29','OS0015_181129.zip','OS0015');
INSERT INTO exam_tb(exam_id, exam_date, exam_file, open_subject_id) VALUES ('EXAM0020','2019-01-07','OS0016_190107.zip','OS0016');
INSERT INTO exam_tb(exam_id, exam_date, exam_file, open_subject_id) VALUES ('EXAM0021','2018-11-22','OS0017_181122.zip','OS0017');
INSERT INTO exam_tb(exam_id, exam_date, exam_file, open_subject_id) VALUES ('EXAM0022','2018-12-15','OS0018_181215.zip','OS0018');
INSERT INTO exam_tb(exam_id, exam_date, exam_file, open_subject_id) VALUES ('EXAM0023','2019-01-17','OS0019_190117.zip','OS0019');
INSERT INTO exam_tb(exam_id, exam_date, exam_file, open_subject_id) VALUES ('EXAM0024','2018-12-01','OS0020_181201.zip','OS0020');
INSERT INTO exam_tb(exam_id, exam_date, exam_file, open_subject_id) VALUES ('EXAM0025','2019-01-03','OS0021_190103.zip','OS0021');
INSERT INTO exam_tb(exam_id, exam_date, exam_file, open_subject_id) VALUES ('EXAM0026','2019-01-31','OS0022_190131.zip','OS0022');
INSERT INTO exam_tb(exam_id, exam_date, exam_file, open_subject_id) VALUES ('EXAM0027','2019-02-02','OS0023_190202.zip','OS0023');
INSERT INTO exam_tb(exam_id, exam_date, exam_file, open_subject_id) VALUES ('EXAM0028','2019-03-02','OS0024_190302.zip','OS0024');
INSERT INTO exam_tb(exam_id, exam_date, exam_file, open_subject_id) VALUES ('EXAM0029','2019-01-30','OS0028_190130.zip','OS0028');
INSERT INTO exam_tb(exam_id, exam_date, exam_file, open_subject_id) VALUES ('EXAM0030','2019-02-10','OS0028_190210.zip','OS0028');
INSERT INTO exam_tb(exam_id, exam_date, exam_file, open_subject_id) VALUES ('EXAM0031','2019-02-20','OS0029_190220.zip','OS0029');
INSERT INTO exam_tb(exam_id, exam_date, exam_file, open_subject_id) VALUES ('EXAM0032','2019-02-25','OS0036_190225.zip','OS0036');


##### 수강 히스토리 테이블 #####
INSERT INTO student_history_tb (open_course_id, student_id) VALUES ('OC0001','ST00001');
INSERT INTO student_history_tb (open_course_id, student_id) VALUES ('OC0001','ST00002');
INSERT INTO student_history_tb (open_course_id, student_id) VALUES ('OC0001','ST00003');
INSERT INTO student_history_tb (open_course_id, student_id) VALUES ('OC0001','ST00004');
INSERT INTO student_history_tb (open_course_id, student_id) VALUES ('OC0001','ST00005');
INSERT INTO student_history_tb (open_course_id, student_id) VALUES ('OC0001','ST00006');
INSERT INTO student_history_tb (open_course_id, student_id) VALUES ('OC0005','ST00006');
INSERT INTO student_history_tb (open_course_id, student_id) VALUES ('OC0002','ST00007');
INSERT INTO student_history_tb (open_course_id, student_id) VALUES ('OC0002','ST00008');
INSERT INTO student_history_tb (open_course_id, student_id) VALUES ('OC0002','ST00009');
INSERT INTO student_history_tb (open_course_id, student_id) VALUES ('OC0002','ST00010');
INSERT INTO student_history_tb (open_course_id, student_id) VALUES ('OC0002','ST00011');
INSERT INTO student_history_tb (open_course_id, student_id) VALUES ('OC0002','ST00012');
INSERT INTO student_history_tb (open_course_id, student_id) VALUES ('OC0003','ST00013');
INSERT INTO student_history_tb (open_course_id, student_id) VALUES ('OC0003','ST00014');
INSERT INTO student_history_tb (open_course_id, student_id) VALUES ('OC0003','ST00015');
INSERT INTO student_history_tb (open_course_id, student_id) VALUES ('OC0003','ST00016');
INSERT INTO student_history_tb (open_course_id, student_id) VALUES ('OC0003','ST00017');
INSERT INTO student_history_tb (open_course_id, student_id) VALUES ('OC0003','ST00018');
INSERT INTO student_history_tb (open_course_id, student_id) VALUES ('OC0004','ST00019');
INSERT INTO student_history_tb (open_course_id, student_id) VALUES ('OC0004','ST00020');
INSERT INTO student_history_tb (open_course_id, student_id) VALUES ('OC0004','ST00021');
INSERT INTO student_history_tb (open_course_id, student_id) VALUES ('OC0004','ST00022');
INSERT INTO student_history_tb (open_course_id, student_id) VALUES ('OC0004','ST00023');
INSERT INTO student_history_tb (open_course_id, student_id) VALUES ('OC0013','ST00023');
INSERT INTO student_history_tb (open_course_id, student_id) VALUES ('OC0004','ST00024');
INSERT INTO student_history_tb (open_course_id, student_id) VALUES ('OC0005','ST00025');
INSERT INTO student_history_tb (open_course_id, student_id) VALUES ('OC0005','ST00026');
INSERT INTO student_history_tb (open_course_id, student_id) VALUES ('OC0005','ST00027');
INSERT INTO student_history_tb (open_course_id, student_id) VALUES ('OC0005','ST00028');
INSERT INTO student_history_tb (open_course_id, student_id) VALUES ('OC0005','ST00029');
INSERT INTO student_history_tb (open_course_id, student_id) VALUES ('OC0005','ST00030');
INSERT INTO student_history_tb (open_course_id, student_id) VALUES ('OC0006','ST00031');
INSERT INTO student_history_tb (open_course_id, student_id) VALUES ('OC0006','ST00032');
INSERT INTO student_history_tb (open_course_id, student_id) VALUES ('OC0006','ST00033');
INSERT INTO student_history_tb (open_course_id, student_id) VALUES ('OC0006','ST00034');
INSERT INTO student_history_tb (open_course_id, student_id) VALUES ('OC0004','ST00034');
INSERT INTO student_history_tb (open_course_id, student_id) VALUES ('OC0006','ST00035');
INSERT INTO student_history_tb (open_course_id, student_id) VALUES ('OC0006','ST00036');
INSERT INTO student_history_tb (open_course_id, student_id) VALUES ('OC0006','ST00037');
INSERT INTO student_history_tb (open_course_id, student_id) VALUES ('OC0006','ST00038');
INSERT INTO student_history_tb (open_course_id, student_id) VALUES ('OC0006','ST00039');
INSERT INTO student_history_tb (open_course_id, student_id) VALUES ('OC0006','ST00040');
INSERT INTO student_history_tb (open_course_id, student_id) VALUES ('OC0006','ST00041');
INSERT INTO student_history_tb (open_course_id, student_id) VALUES ('OC0006','ST00042');
INSERT INTO student_history_tb (open_course_id, student_id) VALUES ('OC0006','ST00043');
INSERT INTO student_history_tb (open_course_id, student_id) VALUES ('OC0006','ST00044');
INSERT INTO student_history_tb (open_course_id, student_id) VALUES ('OC0006','ST00045');
INSERT INTO student_history_tb (open_course_id, student_id) VALUES ('OC0006','ST00046');
INSERT INTO student_history_tb (open_course_id, student_id) VALUES ('OC0007','ST00047');
INSERT INTO student_history_tb (open_course_id, student_id) VALUES ('OC0007','ST00048');
INSERT INTO student_history_tb (open_course_id, student_id) VALUES ('OC0007','ST00049');
INSERT INTO student_history_tb (open_course_id, student_id) VALUES ('OC0007','ST00050');
INSERT INTO student_history_tb (open_course_id, student_id) VALUES ('OC0007','ST00051');
INSERT INTO student_history_tb (open_course_id, student_id) VALUES ('OC0007','ST00052');
INSERT INTO student_history_tb (open_course_id, student_id) VALUES ('OC0001','ST00052');
INSERT INTO student_history_tb (open_course_id, student_id) VALUES ('OC0008','ST00053');
INSERT INTO student_history_tb (open_course_id, student_id) VALUES ('OC0008','ST00054');
INSERT INTO student_history_tb (open_course_id, student_id) VALUES ('OC0008','ST00055');
INSERT INTO student_history_tb (open_course_id, student_id) VALUES ('OC0008','ST00056');
INSERT INTO student_history_tb (open_course_id, student_id) VALUES ('OC0008','ST00057');
INSERT INTO student_history_tb (open_course_id, student_id) VALUES ('OC0008','ST00058');
INSERT INTO student_history_tb (open_course_id, student_id) VALUES ('OC0009','ST00059');
INSERT INTO student_history_tb (open_course_id, student_id) VALUES ('OC0012','ST00059');
INSERT INTO student_history_tb (open_course_id, student_id) VALUES ('OC0009','ST00060');
INSERT INTO student_history_tb (open_course_id, student_id) VALUES ('OC0009','ST00061');
INSERT INTO student_history_tb (open_course_id, student_id) VALUES ('OC0009','ST00062');
INSERT INTO student_history_tb (open_course_id, student_id) VALUES ('OC0009','ST00063');
INSERT INTO student_history_tb (open_course_id, student_id) VALUES ('OC0009','ST00064');
INSERT INTO student_history_tb (open_course_id, student_id) VALUES ('OC0010','ST00065');
INSERT INTO student_history_tb (open_course_id, student_id) VALUES ('OC0010','ST00066');
INSERT INTO student_history_tb (open_course_id, student_id) VALUES ('OC0010','ST00067');
INSERT INTO student_history_tb (open_course_id, student_id) VALUES ('OC0010','ST00068');
INSERT INTO student_history_tb (open_course_id, student_id) VALUES ('OC0010','ST00069');
INSERT INTO student_history_tb (open_course_id, student_id) VALUES ('OC0010','ST00070');
INSERT INTO student_history_tb (open_course_id, student_id) VALUES ('OC0013','ST00070');
INSERT INTO student_history_tb (open_course_id, student_id) VALUES ('OC0011','ST00071');
INSERT INTO student_history_tb (open_course_id, student_id) VALUES ('OC0011','ST00072');
INSERT INTO student_history_tb (open_course_id, student_id) VALUES ('OC0011','ST00073');
INSERT INTO student_history_tb (open_course_id, student_id) VALUES ('OC0011','ST00074');
INSERT INTO student_history_tb (open_course_id, student_id) VALUES ('OC0011','ST00075');
INSERT INTO student_history_tb (open_course_id, student_id) VALUES ('OC0011','ST00076');
INSERT INTO student_history_tb (open_course_id, student_id) VALUES ('OC0011','ST00077');
INSERT INTO student_history_tb (open_course_id, student_id) VALUES ('OC0004','ST00077');
INSERT INTO student_history_tb (open_course_id, student_id) VALUES ('OC0012','ST00078');
INSERT INTO student_history_tb (open_course_id, student_id) VALUES ('OC0012','ST00079');
INSERT INTO student_history_tb (open_course_id, student_id) VALUES ('OC0012','ST00080');
INSERT INTO student_history_tb (open_course_id, student_id) VALUES ('OC0012','ST00081');
INSERT INTO student_history_tb (open_course_id, student_id) VALUES ('OC0012','ST00082');
INSERT INTO student_history_tb (open_course_id, student_id) VALUES ('OC0013','ST00083');
INSERT INTO student_history_tb (open_course_id, student_id) VALUES ('OC0013','ST00084');
INSERT INTO student_history_tb (open_course_id, student_id) VALUES ('OC0013','ST00085');
INSERT INTO student_history_tb (open_course_id, student_id) VALUES ('OC0013','ST00086');
INSERT INTO student_history_tb (open_course_id, student_id) VALUES ('OC0013','ST00087');
INSERT INTO student_history_tb (open_course_id, student_id) VALUES ('OC0013','ST00088');
INSERT INTO student_history_tb (open_course_id, student_id) VALUES ('OC0014','ST00089');
INSERT INTO student_history_tb (open_course_id, student_id) VALUES ('OC0014','ST00090');
INSERT INTO student_history_tb (open_course_id, student_id) VALUES ('OC0014','ST00091');
INSERT INTO student_history_tb (open_course_id, student_id) VALUES ('OC0008','ST00091');
INSERT INTO student_history_tb (open_course_id, student_id) VALUES ('OC0014','ST00092');
INSERT INTO student_history_tb (open_course_id, student_id) VALUES ('OC0014','ST00093');
INSERT INTO student_history_tb (open_course_id, student_id) VALUES ('OC0014','ST00094');
INSERT INTO student_history_tb (open_course_id, student_id) VALUES ('OC0015','ST00095');
INSERT INTO student_history_tb (open_course_id, student_id) VALUES ('OC0015','ST00096');
INSERT INTO student_history_tb (open_course_id, student_id) VALUES ('OC0015','ST00097');
INSERT INTO student_history_tb (open_course_id, student_id) VALUES ('OC0015','ST00098');
INSERT INTO student_history_tb (open_course_id, student_id) VALUES ('OC0015','ST00099');
INSERT INTO student_history_tb (open_course_id, student_id) VALUES ('OC0015','ST00100');


##### 중도 탈락 테이블 #####
INSERT INTO dropout_tb (open_course_id, student_id, dropout_date) VALUES ('OC0001','ST00005','2018-03-03');
INSERT INTO dropout_tb (open_course_id, student_id, dropout_date) VALUES ('OC0003','ST00015','2018-04-21');
INSERT INTO dropout_tb (open_course_id, student_id, dropout_date) VALUES ('OC0005','ST00026','2018-11-02');
INSERT INTO dropout_tb (open_course_id, student_id, dropout_date) VALUES ('OC0006','ST00036','2018-12-12');
INSERT INTO dropout_tb (open_course_id, student_id, dropout_date) VALUES ('OC0007','ST00047','2018-12-03');
INSERT INTO dropout_tb (open_course_id, student_id, dropout_date) VALUES ('OC0009','ST00059','2019-01-29');
INSERT INTO dropout_tb (open_course_id, student_id, dropout_date) VALUES ('OC0010','ST00069','2019-03-17');
INSERT INTO dropout_tb (open_course_id, student_id, dropout_date) VALUES ('OC0013','ST00085','2019-09-07');


##### 과목별 배점 정보 테이블 #####
INSERT INTO subject_point_tb(subject_point_id, exam_id, attendance_point, write_point, skill_point) VALUES ('SP0001','EXAM0001','20','40','40');
INSERT INTO subject_point_tb(subject_point_id, exam_id, attendance_point, write_point, skill_point) VALUES ('SP0002','EXAM0002','40','30','30');
INSERT INTO subject_point_tb(subject_point_id, exam_id, attendance_point, write_point, skill_point) VALUES ('SP0003','EXAM0003','40','30','30');
INSERT INTO subject_point_tb(subject_point_id, exam_id, attendance_point, write_point, skill_point) VALUES ('SP0004','EXAM0004','20','40','40');
INSERT INTO subject_point_tb(subject_point_id, exam_id, attendance_point, write_point, skill_point) VALUES ('SP0005','EXAM0005','20','40','40');
INSERT INTO subject_point_tb(subject_point_id, exam_id, attendance_point, write_point, skill_point) VALUES ('SP0006','EXAM0006','20','40','40');
INSERT INTO subject_point_tb(subject_point_id, exam_id, attendance_point, write_point, skill_point) VALUES ('SP0007','EXAM0007','20','40','40');
INSERT INTO subject_point_tb(subject_point_id, exam_id, attendance_point, write_point, skill_point) VALUES ('SP0008','EXAM0008','30','35','35');
INSERT INTO subject_point_tb(subject_point_id, exam_id, attendance_point, write_point, skill_point) VALUES ('SP0009','EXAM0009','30','35','35');
INSERT INTO subject_point_tb(subject_point_id, exam_id, attendance_point, write_point, skill_point) VALUES ('SP0010','EXAM0010','20','40','40');
INSERT INTO subject_point_tb(subject_point_id, exam_id, attendance_point, write_point, skill_point) VALUES ('SP0011','EXAM0011','40','30','30');
INSERT INTO subject_point_tb(subject_point_id, exam_id, attendance_point, write_point, skill_point) VALUES ('SP0012','EXAM0012','20','40','40');
INSERT INTO subject_point_tb(subject_point_id, exam_id, attendance_point, write_point, skill_point) VALUES ('SP0013','EXAM0013','20','40','40');
INSERT INTO subject_point_tb(subject_point_id, exam_id, attendance_point, write_point, skill_point) VALUES ('SP0014','EXAM0014','20','40','40');
INSERT INTO subject_point_tb(subject_point_id, exam_id, attendance_point, write_point, skill_point) VALUES ('SP0015','EXAM0015','20','40','40');
INSERT INTO subject_point_tb(subject_point_id, exam_id, attendance_point, write_point, skill_point) VALUES ('SP0016','EXAM0016','10','45','45');
INSERT INTO subject_point_tb(subject_point_id, exam_id, attendance_point, write_point, skill_point) VALUES ('SP0017','EXAM0017','10','45','45');
INSERT INTO subject_point_tb(subject_point_id, exam_id, attendance_point, write_point, skill_point) VALUES ('SP0018','EXAM0018','20','40','40');
INSERT INTO subject_point_tb(subject_point_id, exam_id, attendance_point, write_point, skill_point) VALUES ('SP0019','EXAM0019','20','40','40');
INSERT INTO subject_point_tb(subject_point_id, exam_id, attendance_point, write_point, skill_point) VALUES ('SP0020','EXAM0020','30','35','35');
INSERT INTO subject_point_tb(subject_point_id, exam_id, attendance_point, write_point, skill_point) VALUES ('SP0021','EXAM0021','20','40','40');
INSERT INTO subject_point_tb(subject_point_id, exam_id, attendance_point, write_point, skill_point) VALUES ('SP0022','EXAM0022','20','40','40');
INSERT INTO subject_point_tb(subject_point_id, exam_id, attendance_point, write_point, skill_point) VALUES ('SP0023','EXAM0023','20','40','40');
INSERT INTO subject_point_tb(subject_point_id, exam_id, attendance_point, write_point, skill_point) VALUES ('SP0024','EXAM0024','40','30','30');
INSERT INTO subject_point_tb(subject_point_id, exam_id, attendance_point, write_point, skill_point) VALUES ('SP0025','EXAM0025','20','40','40');
INSERT INTO subject_point_tb(subject_point_id, exam_id, attendance_point, write_point, skill_point) VALUES ('SP0026','EXAM0026','20','40','40');
INSERT INTO subject_point_tb(subject_point_id, exam_id, attendance_point, write_point, skill_point) VALUES ('SP0027','EXAM0027','20','40','40');
INSERT INTO subject_point_tb(subject_point_id, exam_id, attendance_point, write_point, skill_point) VALUES ('SP0028','EXAM0028','20','40','40');
INSERT INTO subject_point_tb(subject_point_id, exam_id, attendance_point, write_point, skill_point) VALUES ('SP0029','EXAM0029','20','40','40');
INSERT INTO subject_point_tb(subject_point_id, exam_id, attendance_point, write_point, skill_point) VALUES ('SP0030','EXAM0030','20','40','40');
INSERT INTO subject_point_tb(subject_point_id, exam_id, attendance_point, write_point, skill_point) VALUES ('SP0031','EXAM0031','10','45','45');
INSERT INTO subject_point_tb(subject_point_id, exam_id, attendance_point, write_point, skill_point) VALUES ('SP0032','EXAM0032','20','40','40');


##### 수강생 성적 정보 테이블 #####
INSERT INTO student_score_tb (student_score_id, attendance_score, write_score, skill_score, exam_id, student_id) VALUES ( 'SS00001','15','35','35','EXAM0001','ST00001');
INSERT INTO student_score_tb (student_score_id, attendance_score, write_score, skill_score, exam_id, student_id) VALUES ( 'SS00002','30','30','30','EXAM0002','ST00001');
INSERT INTO student_score_tb (student_score_id, attendance_score, write_score, skill_score, exam_id, student_id) VALUES ( 'SS00003','10','30','40','EXAM0001','ST00002');
INSERT INTO student_score_tb (student_score_id, attendance_score, write_score, skill_score, exam_id, student_id) VALUES ( 'SS00004','40','15','20','EXAM0002','ST00002');
INSERT INTO student_score_tb (student_score_id, attendance_score, write_score, skill_score, exam_id, student_id) VALUES ( 'SS00005','15','30','30','EXAM0001','ST00003');
INSERT INTO student_score_tb (student_score_id, attendance_score, write_score, skill_score, exam_id, student_id) VALUES ( 'SS00006','35','25','30','EXAM0002','ST00003');
INSERT INTO student_score_tb (student_score_id, attendance_score, write_score, skill_score, exam_id, student_id) VALUES ( 'SS00007','20','35','35','EXAM0001','ST00004');
INSERT INTO student_score_tb (student_score_id, attendance_score, write_score, skill_score, exam_id, student_id) VALUES ( 'SS00008','35','25','30','EXAM0002','ST00004');
INSERT INTO student_score_tb (student_score_id, attendance_score, write_score, skill_score, exam_id, student_id) VALUES ( 'SS00009','5','20','10','EXAM0001','ST00005');
INSERT INTO student_score_tb (student_score_id, attendance_score, write_score, skill_score, exam_id, student_id) VALUES ( 'SS00010','20','40','35','EXAM0001','ST00006');
INSERT INTO student_score_tb (student_score_id, attendance_score, write_score, skill_score, exam_id, student_id) VALUES ( 'SS00011','40','25','30','EXAM0002','ST00006');
INSERT INTO student_score_tb (student_score_id, attendance_score, write_score, skill_score, exam_id, student_id) VALUES ( 'SS00012','15','30','30','EXAM0001','ST00052');
INSERT INTO student_score_tb (student_score_id, attendance_score, write_score, skill_score, exam_id, student_id) VALUES ( 'SS00013','35','25','30','EXAM0002','ST00052');
INSERT INTO student_score_tb (student_score_id, attendance_score, write_score, skill_score, exam_id, student_id) VALUES ( 'SS00014','20','40','40','EXAM0018','ST00006');
INSERT INTO student_score_tb (student_score_id, attendance_score, write_score, skill_score, exam_id, student_id) VALUES ( 'SS00015','20','35','40','EXAM0019','ST00006');
INSERT INTO student_score_tb (student_score_id, attendance_score, write_score, skill_score, exam_id, student_id) VALUES ( 'SS00016','30','35','35','EXAM0020','ST00006');
INSERT INTO student_score_tb (student_score_id, attendance_score, write_score, skill_score, exam_id, student_id) VALUES ( 'SS00017','20','35','35','EXAM0004','ST00007');
INSERT INTO student_score_tb (student_score_id, attendance_score, write_score, skill_score, exam_id, student_id) VALUES ( 'SS00018','20','40','40','EXAM0005','ST00007');
INSERT INTO student_score_tb (student_score_id, attendance_score, write_score, skill_score, exam_id, student_id) VALUES ( 'SS00019','20','30','30','EXAM0006','ST00007');
INSERT INTO student_score_tb (student_score_id, attendance_score, write_score, skill_score, exam_id, student_id) VALUES ( 'SS00020','20','40','20','EXAM0007','ST00007');
INSERT INTO student_score_tb (student_score_id, attendance_score, write_score, skill_score, exam_id, student_id) VALUES ( 'SS00021','30','30','30','EXAM0008','ST00007');
INSERT INTO student_score_tb (student_score_id, attendance_score, write_score, skill_score, exam_id, student_id) VALUES ( 'SS00022','30','35','35','EXAM0009','ST00007');
INSERT INTO student_score_tb (student_score_id, attendance_score, write_score, skill_score, exam_id, student_id) VALUES ( 'SS00023','20','40','35','EXAM0004','ST00008');
INSERT INTO student_score_tb (student_score_id, attendance_score, write_score, skill_score, exam_id, student_id) VALUES ( 'SS00024','20','30','40','EXAM0005','ST00008');
INSERT INTO student_score_tb (student_score_id, attendance_score, write_score, skill_score, exam_id, student_id) VALUES ( 'SS00025','20','30','30','EXAM0006','ST00008');
INSERT INTO student_score_tb (student_score_id, attendance_score, write_score, skill_score, exam_id, student_id) VALUES ( 'SS00026','20','40','20','EXAM0007','ST00008');
INSERT INTO student_score_tb (student_score_id, attendance_score, write_score, skill_score, exam_id, student_id) VALUES ( 'SS00027','30','35','30','EXAM0008','ST00008');
INSERT INTO student_score_tb (student_score_id, attendance_score, write_score, skill_score, exam_id, student_id) VALUES ( 'SS00028','30','35','35','EXAM0009','ST00008');
INSERT INTO student_score_tb (student_score_id, attendance_score, write_score, skill_score, exam_id, student_id) VALUES ( 'SS00029','20','40','35','EXAM0004','ST00009');
INSERT INTO student_score_tb (student_score_id, attendance_score, write_score, skill_score, exam_id, student_id) VALUES ( 'SS00030','5','30','40','EXAM0005','ST00009');
INSERT INTO student_score_tb (student_score_id, attendance_score, write_score, skill_score, exam_id, student_id) VALUES ( 'SS00031','10','40','30','EXAM0006','ST00009');
INSERT INTO student_score_tb (student_score_id, attendance_score, write_score, skill_score, exam_id, student_id) VALUES ( 'SS00032','20','40','30','EXAM0007','ST00009');
INSERT INTO student_score_tb (student_score_id, attendance_score, write_score, skill_score, exam_id, student_id) VALUES ( 'SS00033','30','35','35','EXAM0008','ST00009');
INSERT INTO student_score_tb (student_score_id, attendance_score, write_score, skill_score, exam_id, student_id) VALUES ( 'SS00034','30','35','35','EXAM0009','ST00009');
INSERT INTO student_score_tb (student_score_id, attendance_score, write_score, skill_score, exam_id, student_id) VALUES ( 'SS00035','5','30','35','EXAM0004','ST00010');
INSERT INTO student_score_tb (student_score_id, attendance_score, write_score, skill_score, exam_id, student_id) VALUES ( 'SS00036','5','30','40','EXAM0005','ST00010');
INSERT INTO student_score_tb (student_score_id, attendance_score, write_score, skill_score, exam_id, student_id) VALUES ( 'SS00037','10','40','30','EXAM0006','ST00010');
INSERT INTO student_score_tb (student_score_id, attendance_score, write_score, skill_score, exam_id, student_id) VALUES ( 'SS00038','10','40','30','EXAM0007','ST00010');
INSERT INTO student_score_tb (student_score_id, attendance_score, write_score, skill_score, exam_id, student_id) VALUES ( 'SS00039','10','35','35','EXAM0008','ST00010');
INSERT INTO student_score_tb (student_score_id, attendance_score, write_score, skill_score, exam_id, student_id) VALUES ( 'SS00040','30','35','35','EXAM0009','ST00010');
INSERT INTO student_score_tb (student_score_id, attendance_score, write_score, skill_score, exam_id, student_id) VALUES ( 'SS00041','5','30','35','EXAM0004','ST00011');
INSERT INTO student_score_tb (student_score_id, attendance_score, write_score, skill_score, exam_id, student_id) VALUES ( 'SS00042','5','30','40','EXAM0005','ST00011');
INSERT INTO student_score_tb (student_score_id, attendance_score, write_score, skill_score, exam_id, student_id) VALUES ( 'SS00043','10','40','30','EXAM0006','ST00011');
INSERT INTO student_score_tb (student_score_id, attendance_score, write_score, skill_score, exam_id, student_id) VALUES ( 'SS00044','10','40','30','EXAM0007','ST00011');
INSERT INTO student_score_tb (student_score_id, attendance_score, write_score, skill_score, exam_id, student_id) VALUES ( 'SS00045','10','35','35','EXAM0008','ST00011');
INSERT INTO student_score_tb (student_score_id, attendance_score, write_score, skill_score, exam_id, student_id) VALUES ( 'SS00046','30','35','35','EXAM0009','ST00011');
INSERT INTO student_score_tb (student_score_id, attendance_score, write_score, skill_score, exam_id, student_id) VALUES ( 'SS00047','20','40','35','EXAM0004','ST00012');
INSERT INTO student_score_tb (student_score_id, attendance_score, write_score, skill_score, exam_id, student_id) VALUES ( 'SS00048','20','40','40','EXAM0005','ST00012');
INSERT INTO student_score_tb (student_score_id, attendance_score, write_score, skill_score, exam_id, student_id) VALUES ( 'SS00049','20','40','35','EXAM0006','ST00012');
INSERT INTO student_score_tb (student_score_id, attendance_score, write_score, skill_score, exam_id, student_id) VALUES ( 'SS00050','20','40','30','EXAM0007','ST00012');
INSERT INTO student_score_tb (student_score_id, attendance_score, write_score, skill_score, exam_id, student_id) VALUES ( 'SS00051','30','35','35','EXAM0008','ST00012');
INSERT INTO student_score_tb (student_score_id, attendance_score, write_score, skill_score, exam_id, student_id) VALUES ( 'SS00052','30','35','35','EXAM0009','ST00012');
INSERT INTO student_score_tb (student_score_id, attendance_score, write_score, skill_score, exam_id, student_id) VALUES ( 'SS00053','10','20','25','EXAM0010','ST00013');
INSERT INTO student_score_tb (student_score_id, attendance_score, write_score, skill_score, exam_id, student_id) VALUES ( 'SS00054','20','20','15','EXAM0011','ST00013');
INSERT INTO student_score_tb (student_score_id, attendance_score, write_score, skill_score, exam_id, student_id) VALUES ( 'SS00055','10','20','20','EXAM0012','ST00013');
INSERT INTO student_score_tb (student_score_id, attendance_score, write_score, skill_score, exam_id, student_id) VALUES ( 'SS00056','10','25','30','EXAM0013','ST00013');
INSERT INTO student_score_tb (student_score_id, attendance_score, write_score, skill_score, exam_id, student_id) VALUES ( 'SS00057','20','40','40','EXAM0010','ST00014');
INSERT INTO student_score_tb (student_score_id, attendance_score, write_score, skill_score, exam_id, student_id) VALUES ( 'SS00058','40','25','30','EXAM0011','ST00014');
INSERT INTO student_score_tb (student_score_id, attendance_score, write_score, skill_score, exam_id, student_id) VALUES ( 'SS00059','20','30','40','EXAM0012','ST00014');
INSERT INTO student_score_tb (student_score_id, attendance_score, write_score, skill_score, exam_id, student_id) VALUES ( 'SS00060','20','40','30','EXAM0013','ST00014');
INSERT INTO student_score_tb (student_score_id, attendance_score, write_score, skill_score, exam_id, student_id) VALUES ( 'SS00061','20','20','40','EXAM0010','ST00016');
INSERT INTO student_score_tb (student_score_id, attendance_score, write_score, skill_score, exam_id, student_id) VALUES ( 'SS00062','20','20','30','EXAM0011','ST00016');
INSERT INTO student_score_tb (student_score_id, attendance_score, write_score, skill_score, exam_id, student_id) VALUES ( 'SS00063','20','30','40','EXAM0012','ST00016');
INSERT INTO student_score_tb (student_score_id, attendance_score, write_score, skill_score, exam_id, student_id) VALUES ( 'SS00064','10','40','40','EXAM0013','ST00016');
INSERT INTO student_score_tb (student_score_id, attendance_score, write_score, skill_score, exam_id, student_id) VALUES ( 'SS00065','20','20','25','EXAM0010','ST00017');
INSERT INTO student_score_tb (student_score_id, attendance_score, write_score, skill_score, exam_id, student_id) VALUES ( 'SS00066','20','30','20','EXAM0011','ST00017');
INSERT INTO student_score_tb (student_score_id, attendance_score, write_score, skill_score, exam_id, student_id) VALUES ( 'SS00067','20','10','10','EXAM0012','ST00017');
INSERT INTO student_score_tb (student_score_id, attendance_score, write_score, skill_score, exam_id, student_id) VALUES ( 'SS00068','20','20','40','EXAM0013','ST00017');
INSERT INTO student_score_tb (student_score_id, attendance_score, write_score, skill_score, exam_id, student_id) VALUES ( 'SS00069','10','25','25','EXAM0010','ST00018');
INSERT INTO student_score_tb (student_score_id, attendance_score, write_score, skill_score, exam_id, student_id) VALUES ( 'SS00070','20','20','25','EXAM0011','ST00018');
INSERT INTO student_score_tb (student_score_id, attendance_score, write_score, skill_score, exam_id, student_id) VALUES ( 'SS00071','10','30','30','EXAM0012','ST00018');
INSERT INTO student_score_tb (student_score_id, attendance_score, write_score, skill_score, exam_id, student_id) VALUES ( 'SS00072','10','20','20','EXAM0013','ST00018');
INSERT INTO student_score_tb (student_score_id, attendance_score, write_score, skill_score, exam_id, student_id) VALUES ( 'SS00073','10','25','20','EXAM0014','ST00019');
INSERT INTO student_score_tb (student_score_id, attendance_score, write_score, skill_score, exam_id, student_id) VALUES ( 'SS00074','20','25','30','EXAM0015','ST00019');
INSERT INTO student_score_tb (student_score_id, attendance_score, write_score, skill_score, exam_id, student_id) VALUES ( 'SS00075','10','30','30','EXAM0016','ST00019');
INSERT INTO student_score_tb (student_score_id, attendance_score, write_score, skill_score, exam_id, student_id) VALUES ( 'SS00076','10','45','40','EXAM0017','ST00019');
INSERT INTO student_score_tb (student_score_id, attendance_score, write_score, skill_score, exam_id, student_id) VALUES ( 'SS00077','20','40','40','EXAM0014','ST00020');
INSERT INTO student_score_tb (student_score_id, attendance_score, write_score, skill_score, exam_id, student_id) VALUES ( 'SS00078','20','35','40','EXAM0015','ST00020');
INSERT INTO student_score_tb (student_score_id, attendance_score, write_score, skill_score, exam_id, student_id) VALUES ( 'SS00079','10','45','40','EXAM0016','ST00020');
INSERT INTO student_score_tb (student_score_id, attendance_score, write_score, skill_score, exam_id, student_id) VALUES ( 'SS00080','5','45','40','EXAM0017','ST00020');
INSERT INTO student_score_tb (student_score_id, attendance_score, write_score, skill_score, exam_id, student_id) VALUES ( 'SS00081','20','40','40','EXAM0014','ST00021');
INSERT INTO student_score_tb (student_score_id, attendance_score, write_score, skill_score, exam_id, student_id) VALUES ( 'SS00082','10','35','40','EXAM0015','ST00021');
INSERT INTO student_score_tb (student_score_id, attendance_score, write_score, skill_score, exam_id, student_id) VALUES ( 'SS00083','10','45','40','EXAM0016','ST00021');
INSERT INTO student_score_tb (student_score_id, attendance_score, write_score, skill_score, exam_id, student_id) VALUES ( 'SS00084','10','45','40','EXAM0017','ST00021');
INSERT INTO student_score_tb (student_score_id, attendance_score, write_score, skill_score, exam_id, student_id) VALUES ( 'SS00085','20','40','40','EXAM0014','ST00022');
INSERT INTO student_score_tb (student_score_id, attendance_score, write_score, skill_score, exam_id, student_id) VALUES ( 'SS00086','10','30','40','EXAM0015','ST00022');
INSERT INTO student_score_tb (student_score_id, attendance_score, write_score, skill_score, exam_id, student_id) VALUES ( 'SS00087','10','45','35','EXAM0016','ST00022');
INSERT INTO student_score_tb (student_score_id, attendance_score, write_score, skill_score, exam_id, student_id) VALUES ( 'SS00088','10','45','45','EXAM0017','ST00022');
INSERT INTO student_score_tb (student_score_id, attendance_score, write_score, skill_score, exam_id, student_id) VALUES ( 'SS00089','10','20','20','EXAM0014','ST00023');
INSERT INTO student_score_tb (student_score_id, attendance_score, write_score, skill_score, exam_id, student_id) VALUES ( 'SS00090','20','25','30','EXAM0015','ST00023');
INSERT INTO student_score_tb (student_score_id, attendance_score, write_score, skill_score, exam_id, student_id) VALUES ( 'SS00091','10','20','20','EXAM0016','ST00023');
INSERT INTO student_score_tb (student_score_id, attendance_score, write_score, skill_score, exam_id, student_id) VALUES ( 'SS00092','10','20','25','EXAM0017','ST00023');
INSERT INTO student_score_tb (student_score_id, attendance_score, write_score, skill_score, exam_id, student_id) VALUES ( 'SS00093','20','40','40','EXAM0014','ST00024');
INSERT INTO student_score_tb (student_score_id, attendance_score, write_score, skill_score, exam_id, student_id) VALUES ( 'SS00094','10','35','35','EXAM0015','ST00024');
INSERT INTO student_score_tb (student_score_id, attendance_score, write_score, skill_score, exam_id, student_id) VALUES ( 'SS00095','10','45','30','EXAM0016','ST00024');
INSERT INTO student_score_tb (student_score_id, attendance_score, write_score, skill_score, exam_id, student_id) VALUES ( 'SS00096','10','45','45','EXAM0017','ST00024');
INSERT INTO student_score_tb (student_score_id, attendance_score, write_score, skill_score, exam_id, student_id) VALUES ( 'SS00097','20','40','40','EXAM0014','ST00034');
INSERT INTO student_score_tb (student_score_id, attendance_score, write_score, skill_score, exam_id, student_id) VALUES ( 'SS00098','10','30','35','EXAM0015','ST00034');
INSERT INTO student_score_tb (student_score_id, attendance_score, write_score, skill_score, exam_id, student_id) VALUES ( 'SS00099','10','45','30','EXAM0016','ST00034');
INSERT INTO student_score_tb (student_score_id, attendance_score, write_score, skill_score, exam_id, student_id) VALUES ( 'SS00100','10','45','30','EXAM0017','ST00034');
INSERT INTO student_score_tb (student_score_id, attendance_score, write_score, skill_score, exam_id, student_id) VALUES ( 'SS00101','20','40','40','EXAM0014','ST00077');
INSERT INTO student_score_tb (student_score_id, attendance_score, write_score, skill_score, exam_id, student_id) VALUES ( 'SS00102','15','30','30','EXAM0015','ST00077');
INSERT INTO student_score_tb (student_score_id, attendance_score, write_score, skill_score, exam_id, student_id) VALUES ( 'SS00103','10','45','35','EXAM0016','ST00077');
INSERT INTO student_score_tb (student_score_id, attendance_score, write_score, skill_score, exam_id, student_id) VALUES ( 'SS00104','10','40','45','EXAM0017','ST00077');
INSERT INTO student_score_tb (student_score_id, attendance_score, write_score, skill_score, exam_id, student_id) VALUES ( 'SS00105','10','30','30','EXAM0018','ST00006');
INSERT INTO student_score_tb (student_score_id, attendance_score, write_score, skill_score, exam_id, student_id) VALUES ( 'SS00106','10','30','35','EXAM0019','ST00006');
INSERT INTO student_score_tb (student_score_id, attendance_score, write_score, skill_score, exam_id, student_id) VALUES ( 'SS00107','20','30','30','EXAM0020','ST00006');
INSERT INTO student_score_tb (student_score_id, attendance_score, write_score, skill_score, exam_id, student_id) VALUES ( 'SS00108','10','30','30','EXAM0018','ST00025');
INSERT INTO student_score_tb (student_score_id, attendance_score, write_score, skill_score, exam_id, student_id) VALUES ( 'SS00109','10','35','30','EXAM0019','ST00025');
INSERT INTO student_score_tb (student_score_id, attendance_score, write_score, skill_score, exam_id, student_id) VALUES ( 'SS00110','20','20','25','EXAM0020','ST00025');
INSERT INTO student_score_tb (student_score_id, attendance_score, write_score, skill_score, exam_id, student_id) VALUES ( 'SS00111','5','10','10','EXAM0018','ST00026');
INSERT INTO student_score_tb (student_score_id, attendance_score, write_score, skill_score, exam_id, student_id) VALUES ( 'SS00112','20','35','40','EXAM0018','ST00027');
INSERT INTO student_score_tb (student_score_id, attendance_score, write_score, skill_score, exam_id, student_id) VALUES ( 'SS00113','20','40','35','EXAM0019','ST00027');
INSERT INTO student_score_tb (student_score_id, attendance_score, write_score, skill_score, exam_id, student_id) VALUES ( 'SS00114','30','35','35','EXAM0020','ST00027');
INSERT INTO student_score_tb (student_score_id, attendance_score, write_score, skill_score, exam_id, student_id) VALUES ( 'SS00115','20','35','40','EXAM0018','ST00028');
INSERT INTO student_score_tb (student_score_id, attendance_score, write_score, skill_score, exam_id, student_id) VALUES ( 'SS00116','10','25','20','EXAM0019','ST00028');
INSERT INTO student_score_tb (student_score_id, attendance_score, write_score, skill_score, exam_id, student_id) VALUES ( 'SS00117','20','25','30','EXAM0020','ST00028');
INSERT INTO student_score_tb (student_score_id, attendance_score, write_score, skill_score, exam_id, student_id) VALUES ( 'SS00118','20','30','40','EXAM0018','ST00029');
INSERT INTO student_score_tb (student_score_id, attendance_score, write_score, skill_score, exam_id, student_id) VALUES ( 'SS00119','20','40','35','EXAM0019','ST00029');
INSERT INTO student_score_tb (student_score_id, attendance_score, write_score, skill_score, exam_id, student_id) VALUES ( 'SS00120','25','35','25','EXAM0020','ST00029');
INSERT INTO student_score_tb (student_score_id, attendance_score, write_score, skill_score, exam_id, student_id) VALUES ( 'SS00121','20','40','40','EXAM0018','ST00030');
INSERT INTO student_score_tb (student_score_id, attendance_score, write_score, skill_score, exam_id, student_id) VALUES ( 'SS00122','10','35','40','EXAM0019','ST00030');
INSERT INTO student_score_tb (student_score_id, attendance_score, write_score, skill_score, exam_id, student_id) VALUES ( 'SS00123','30','35','30','EXAM0020','ST00030');
INSERT INTO student_score_tb (student_score_id, attendance_score, write_score, skill_score, exam_id, student_id) VALUES ( 'SS00124','10','30','30','EXAM0021','ST00031');
INSERT INTO student_score_tb (student_score_id, attendance_score, write_score, skill_score, exam_id, student_id) VALUES ( 'SS00125','10','35','35','EXAM0022','ST00031');
INSERT INTO student_score_tb (student_score_id, attendance_score, write_score, skill_score, exam_id, student_id) VALUES ( 'SS00126','10','30','30','EXAM0023','ST00031');
INSERT INTO student_score_tb (student_score_id, attendance_score, write_score, skill_score, exam_id, student_id) VALUES ( 'SS00127','10','30','30','EXAM0021','ST00032');
INSERT INTO student_score_tb (student_score_id, attendance_score, write_score, skill_score, exam_id, student_id) VALUES ( 'SS00128','20','25','20','EXAM0022','ST00032');
INSERT INTO student_score_tb (student_score_id, attendance_score, write_score, skill_score, exam_id, student_id) VALUES ( 'SS00129','20','30','20','EXAM0023','ST00032');
INSERT INTO student_score_tb (student_score_id, attendance_score, write_score, skill_score, exam_id, student_id) VALUES ( 'SS00130','10','30','30','EXAM0021','ST00033');
INSERT INTO student_score_tb (student_score_id, attendance_score, write_score, skill_score, exam_id, student_id) VALUES ( 'SS00131','20','35','30','EXAM0022','ST00033');
INSERT INTO student_score_tb (student_score_id, attendance_score, write_score, skill_score, exam_id, student_id) VALUES ( 'SS00132','20','30','30','EXAM0023','ST00033');
INSERT INTO student_score_tb (student_score_id, attendance_score, write_score, skill_score, exam_id, student_id) VALUES ( 'SS00133','10','30','40','EXAM0021','ST00034');
INSERT INTO student_score_tb (student_score_id, attendance_score, write_score, skill_score, exam_id, student_id) VALUES ( 'SS00134','10','40','35','EXAM0022','ST00034');
INSERT INTO student_score_tb (student_score_id, attendance_score, write_score, skill_score, exam_id, student_id) VALUES ( 'SS00135','15','30','40','EXAM0023','ST00034');
INSERT INTO student_score_tb (student_score_id, attendance_score, write_score, skill_score, exam_id, student_id) VALUES ( 'SS00136','10','30','35','EXAM0021','ST00035');
INSERT INTO student_score_tb (student_score_id, attendance_score, write_score, skill_score, exam_id, student_id) VALUES ( 'SS00137','10','40','30','EXAM0022','ST00035');
INSERT INTO student_score_tb (student_score_id, attendance_score, write_score, skill_score, exam_id, student_id) VALUES ( 'SS00138','15','30','40','EXAM0023','ST00035');
INSERT INTO student_score_tb (student_score_id, attendance_score, write_score, skill_score, exam_id, student_id) VALUES ( 'SS00139','10','10','15','EXAM0021','ST00036');
INSERT INTO student_score_tb (student_score_id, attendance_score, write_score, skill_score, exam_id, student_id) VALUES ( 'SS00140','10','35','30','EXAM0021','ST00037');
INSERT INTO student_score_tb (student_score_id, attendance_score, write_score, skill_score, exam_id, student_id) VALUES ( 'SS00141','20','40','40','EXAM0022','ST00037');
INSERT INTO student_score_tb (student_score_id, attendance_score, write_score, skill_score, exam_id, student_id) VALUES ( 'SS00142','20','35','40','EXAM0023','ST00037');
INSERT INTO student_score_tb (student_score_id, attendance_score, write_score, skill_score, exam_id, student_id) VALUES ( 'SS00143','15','35','30','EXAM0021','ST00038');
INSERT INTO student_score_tb (student_score_id, attendance_score, write_score, skill_score, exam_id, student_id) VALUES ( 'SS00144','20','35','30','EXAM0022','ST00038');
INSERT INTO student_score_tb (student_score_id, attendance_score, write_score, skill_score, exam_id, student_id) VALUES ( 'SS00145','15','35','40','EXAM0023','ST00038');
INSERT INTO student_score_tb (student_score_id, attendance_score, write_score, skill_score, exam_id, student_id) VALUES ( 'SS00146','20','30','30','EXAM0021','ST00039');
INSERT INTO student_score_tb (student_score_id, attendance_score, write_score, skill_score, exam_id, student_id) VALUES ( 'SS00147','20','40','35','EXAM0022','ST00039');
INSERT INTO student_score_tb (student_score_id, attendance_score, write_score, skill_score, exam_id, student_id) VALUES ( 'SS00148','20','35','40','EXAM0023','ST00039');
INSERT INTO student_score_tb (student_score_id, attendance_score, write_score, skill_score, exam_id, student_id) VALUES ( 'SS00149','20','35','30','EXAM0021','ST00040');
INSERT INTO student_score_tb (student_score_id, attendance_score, write_score, skill_score, exam_id, student_id) VALUES ( 'SS00150','20','20','15','EXAM0022','ST00040');
INSERT INTO student_score_tb (student_score_id, attendance_score, write_score, skill_score, exam_id, student_id) VALUES ( 'SS00151','10','20','25','EXAM0023','ST00040');
INSERT INTO student_score_tb (student_score_id, attendance_score, write_score, skill_score, exam_id, student_id) VALUES ( 'SS00152','10','30','25','EXAM0021','ST00041');
INSERT INTO student_score_tb (student_score_id, attendance_score, write_score, skill_score, exam_id, student_id) VALUES ( 'SS00153','10','30','35','EXAM0022','ST00041');
INSERT INTO student_score_tb (student_score_id, attendance_score, write_score, skill_score, exam_id, student_id) VALUES ( 'SS00154','20','35','30','EXAM0023','ST00041');
INSERT INTO student_score_tb (student_score_id, attendance_score, write_score, skill_score, exam_id, student_id) VALUES ( 'SS00155','10','25','20','EXAM0021','ST00042');
INSERT INTO student_score_tb (student_score_id, attendance_score, write_score, skill_score, exam_id, student_id) VALUES ( 'SS00156','20','30','30','EXAM0022','ST00042');
INSERT INTO student_score_tb (student_score_id, attendance_score, write_score, skill_score, exam_id, student_id) VALUES ( 'SS00157','20','30','35','EXAM0023','ST00042');
INSERT INTO student_score_tb (student_score_id, attendance_score, write_score, skill_score, exam_id, student_id) VALUES ( 'SS00158','20','35','40','EXAM0021','ST00043');
INSERT INTO student_score_tb (student_score_id, attendance_score, write_score, skill_score, exam_id, student_id) VALUES ( 'SS00159','20','35','40','EXAM0022','ST00043');
INSERT INTO student_score_tb (student_score_id, attendance_score, write_score, skill_score, exam_id, student_id) VALUES ( 'SS00160','20','40','40','EXAM0023','ST00043');
INSERT INTO student_score_tb (student_score_id, attendance_score, write_score, skill_score, exam_id, student_id) VALUES ( 'SS00161','20','40','40','EXAM0021','ST00044');
INSERT INTO student_score_tb (student_score_id, attendance_score, write_score, skill_score, exam_id, student_id) VALUES ( 'SS00162','20','40','40','EXAM0022','ST00044');
INSERT INTO student_score_tb (student_score_id, attendance_score, write_score, skill_score, exam_id, student_id) VALUES ( 'SS00163','20','40','40','EXAM0023','ST00044');
INSERT INTO student_score_tb (student_score_id, attendance_score, write_score, skill_score, exam_id, student_id) VALUES ( 'SS00164','20','30','35','EXAM0021','ST00045');
INSERT INTO student_score_tb (student_score_id, attendance_score, write_score, skill_score, exam_id, student_id) VALUES ( 'SS00165','20','40','35','EXAM0022','ST00045');
INSERT INTO student_score_tb (student_score_id, attendance_score, write_score, skill_score, exam_id, student_id) VALUES ( 'SS00166','15','25','30','EXAM0023','ST00045');
INSERT INTO student_score_tb (student_score_id, attendance_score, write_score, skill_score, exam_id, student_id) VALUES ( 'SS00167','20','20','30','EXAM0021','ST00046');
INSERT INTO student_score_tb (student_score_id, attendance_score, write_score, skill_score, exam_id, student_id) VALUES ( 'SS00168','15','40','30','EXAM0022','ST00046');
INSERT INTO student_score_tb (student_score_id, attendance_score, write_score, skill_score, exam_id, student_id) VALUES ( 'SS00169','15','35','40','EXAM0023','ST00046');
INSERT INTO student_score_tb (student_score_id, attendance_score, write_score, skill_score, exam_id, student_id) VALUES ( 'SS00170','10','5','5','EXAM0024','ST00047');
INSERT INTO student_score_tb (student_score_id, attendance_score, write_score, skill_score, exam_id, student_id) VALUES ( 'SS00171','35','30','30','EXAM0024','ST00048');
INSERT INTO student_score_tb (student_score_id, attendance_score, write_score, skill_score, exam_id, student_id) VALUES ( 'SS00172','20','35','40','EXAM0025','ST00048');
INSERT INTO student_score_tb (student_score_id, attendance_score, write_score, skill_score, exam_id, student_id) VALUES ( 'SS00173','20','40','35','EXAM0026','ST00048');
INSERT INTO student_score_tb (student_score_id, attendance_score, write_score, skill_score, exam_id, student_id) VALUES ( 'SS00174','40','30','30','EXAM0024','ST00049');
INSERT INTO student_score_tb (student_score_id, attendance_score, write_score, skill_score, exam_id, student_id) VALUES ( 'SS00175','20','40','40','EXAM0025','ST00049');
INSERT INTO student_score_tb (student_score_id, attendance_score, write_score, skill_score, exam_id, student_id) VALUES ( 'SS00176','20','35','40','EXAM0026','ST00049');
INSERT INTO student_score_tb (student_score_id, attendance_score, write_score, skill_score, exam_id, student_id) VALUES ( 'SS00177','30','15','15','EXAM0024','ST00050');
INSERT INTO student_score_tb (student_score_id, attendance_score, write_score, skill_score, exam_id, student_id) VALUES ( 'SS00178','20','20','20','EXAM0025','ST00050');
INSERT INTO student_score_tb (student_score_id, attendance_score, write_score, skill_score, exam_id, student_id) VALUES ( 'SS00179','20','20','35','EXAM0026','ST00050');
INSERT INTO student_score_tb (student_score_id, attendance_score, write_score, skill_score, exam_id, student_id) VALUES ( 'SS00180','40','15','30','EXAM0024','ST00051');
INSERT INTO student_score_tb (student_score_id, attendance_score, write_score, skill_score, exam_id, student_id) VALUES ( 'SS00181','20','20','25','EXAM0025','ST00051');
INSERT INTO student_score_tb (student_score_id, attendance_score, write_score, skill_score, exam_id, student_id) VALUES ( 'SS00182','10','35','30','EXAM0026','ST00051');
INSERT INTO student_score_tb (student_score_id, attendance_score, write_score, skill_score, exam_id, student_id) VALUES ( 'SS00183','10','10','15','EXAM0024','ST00052');
INSERT INTO student_score_tb (student_score_id, attendance_score, write_score, skill_score, exam_id, student_id) VALUES ( 'SS00184','15','20','20','EXAM0025','ST00052');
INSERT INTO student_score_tb (student_score_id, attendance_score, write_score, skill_score, exam_id, student_id) VALUES ( 'SS00185','15','15','20','EXAM0026','ST00052');
INSERT INTO student_score_tb (student_score_id, attendance_score, write_score, skill_score, exam_id, student_id) VALUES ( 'SS00186','20','35','35','EXAM0027','ST00053');
INSERT INTO student_score_tb (student_score_id, attendance_score, write_score, skill_score, exam_id, student_id) VALUES ( 'SS00187','10','35','30','EXAM0028','ST00053');
INSERT INTO student_score_tb (student_score_id, attendance_score, write_score, skill_score, exam_id, student_id) VALUES ( 'SS00188','20','35','30','EXAM0027','ST00054');
INSERT INTO student_score_tb (student_score_id, attendance_score, write_score, skill_score, exam_id, student_id) VALUES ( 'SS00189','20','40','35','EXAM0028','ST00054');
INSERT INTO student_score_tb (student_score_id, attendance_score, write_score, skill_score, exam_id, student_id) VALUES ( 'SS00190','10','30','35','EXAM0027','ST00055');
INSERT INTO student_score_tb (student_score_id, attendance_score, write_score, skill_score, exam_id, student_id) VALUES ( 'SS00191','10','35','35','EXAM0028','ST00055');
INSERT INTO student_score_tb (student_score_id, attendance_score, write_score, skill_score, exam_id, student_id) VALUES ( 'SS00192','10','35','35','EXAM0027','ST00056');
INSERT INTO student_score_tb (student_score_id, attendance_score, write_score, skill_score, exam_id, student_id) VALUES ( 'SS00193','20','35','30','EXAM0028','ST00056');
INSERT INTO student_score_tb (student_score_id, attendance_score, write_score, skill_score, exam_id, student_id) VALUES ( 'SS00194','20','40','40','EXAM0027','ST00057');
INSERT INTO student_score_tb (student_score_id, attendance_score, write_score, skill_score, exam_id, student_id) VALUES ( 'SS00195','20','35','35','EXAM0028','ST00057');
INSERT INTO student_score_tb (student_score_id, attendance_score, write_score, skill_score, exam_id, student_id) VALUES ( 'SS00196','10','30','25','EXAM0027','ST00058');
INSERT INTO student_score_tb (student_score_id, attendance_score, write_score, skill_score, exam_id, student_id) VALUES ( 'SS00197','10','35','30','EXAM0028','ST00058');
INSERT INTO student_score_tb (student_score_id, attendance_score, write_score, skill_score, exam_id, student_id) VALUES ( 'SS00198','20','35','40','EXAM0027','ST00091');
INSERT INTO student_score_tb (student_score_id, attendance_score, write_score, skill_score, exam_id, student_id) VALUES ( 'SS00199','20','40','35','EXAM0028','ST00091');
INSERT INTO student_score_tb (student_score_id, attendance_score, write_score, skill_score, exam_id, student_id) VALUES ( 'SS00200','10','20','35','EXAM0029','ST00060');
INSERT INTO student_score_tb (student_score_id, attendance_score, write_score, skill_score, exam_id, student_id) VALUES ( 'SS00201','20','30','35','EXAM0030','ST00060');
INSERT INTO student_score_tb (student_score_id, attendance_score, write_score, skill_score, exam_id, student_id) VALUES ( 'SS00202','10','30','35','EXAM0031','ST00060');
INSERT INTO student_score_tb (student_score_id, attendance_score, write_score, skill_score, exam_id, student_id) VALUES ( 'SS00203','20','30','30','EXAM0029','ST00061');
INSERT INTO student_score_tb (student_score_id, attendance_score, write_score, skill_score, exam_id, student_id) VALUES ( 'SS00204','20','40','35','EXAM0030','ST00061');
INSERT INTO student_score_tb (student_score_id, attendance_score, write_score, skill_score, exam_id, student_id) VALUES ( 'SS00205','5','40','45','EXAM0031','ST00061');
INSERT INTO student_score_tb (student_score_id, attendance_score, write_score, skill_score, exam_id, student_id) VALUES ( 'SS00206','20','35','40','EXAM0029','ST00062');
INSERT INTO student_score_tb (student_score_id, attendance_score, write_score, skill_score, exam_id, student_id) VALUES ( 'SS00207','10','40','40','EXAM0030','ST00062');
INSERT INTO student_score_tb (student_score_id, attendance_score, write_score, skill_score, exam_id, student_id) VALUES ( 'SS00208','10','40','40','EXAM0031','ST00062');
INSERT INTO student_score_tb (student_score_id, attendance_score, write_score, skill_score, exam_id, student_id) VALUES ( 'SS00209','20','35','35','EXAM0029','ST00063');
INSERT INTO student_score_tb (student_score_id, attendance_score, write_score, skill_score, exam_id, student_id) VALUES ( 'SS00210','20','35','40','EXAM0030','ST00063');
INSERT INTO student_score_tb (student_score_id, attendance_score, write_score, skill_score, exam_id, student_id) VALUES ( 'SS00211','10','45','40','EXAM0031','ST00063');
INSERT INTO student_score_tb (student_score_id, attendance_score, write_score, skill_score, exam_id, student_id) VALUES ( 'SS00212','20','40','35','EXAM0029','ST00064');
INSERT INTO student_score_tb (student_score_id, attendance_score, write_score, skill_score, exam_id, student_id) VALUES ( 'SS00213','20','35','40','EXAM0030','ST00064');
INSERT INTO student_score_tb (student_score_id, attendance_score, write_score, skill_score, exam_id, student_id) VALUES ( 'SS00214','10','40','45','EXAM0031','ST00064');
INSERT INTO student_score_tb (student_score_id, attendance_score, write_score, skill_score, exam_id, student_id) VALUES ( 'SS00215','20','40','40','EXAM0032','ST00065');
INSERT INTO student_score_tb (student_score_id, attendance_score, write_score, skill_score, exam_id, student_id) VALUES ( 'SS00216','20','35','30','EXAM0032','ST00066');
INSERT INTO student_score_tb (student_score_id, attendance_score, write_score, skill_score, exam_id, student_id) VALUES ( 'SS00217','10','35','30','EXAM0032','ST00067');
INSERT INTO student_score_tb (student_score_id, attendance_score, write_score, skill_score, exam_id, student_id) VALUES ( 'SS00218','5','10','10','EXAM0032','ST00068');
INSERT INTO student_score_tb (student_score_id, attendance_score, write_score, skill_score, exam_id, student_id) VALUES ( 'SS00219','10','15','20','EXAM0032','ST00069');
INSERT INTO student_score_tb (student_score_id, attendance_score, write_score, skill_score, exam_id, student_id) VALUES ( 'SS00220','10','25','20','EXAM0032','ST00070');
